PLU NO.,ITEM CODE,ENGLISH DESC,KOR DESC, ORIGIN , CATE(ENG) ,CATE(KOR),CATE(NO),LOCAL PLU,ORGANIC
1000,,NAPA,배추,, NAPA CABBAGE ,배추,4-10-01,11000,91000
1001,,GREEN NAPA,그린배추,, NAPA CABBAGE ,배추,4-10-01,11001,91001
1002,,KOREAN NAPA,한국배추,, NAPA CABBAGE ,배추,4-10-01,11002,91002
1003,,LITTLE NAPA,작은배추,, NAPA CABBAGE ,배추,4-10-01,11003,91003
1004,,BABY NAPA,알배추,, NAPA CABBAGE ,배추,4-10-01,11004,91004
1005,,CHINESE LONG NAPA,중국배추,, NAPA CABBAGE ,배추,4-10-01,11005,91005
1006,,EARLY SPRING NAPA,봄동,, NAPA CABBAGE ,배추,4-10-01,11006,91006
1007,,RESERVE(NAPA CABBAGE),RESERVE(NAPA CABBAGE),, NAPA CABBAGE ,배추,4-10-01,11007,91007
1008,,RESERVE(NAPA CABBAGE),RESERVE(NAPA CABBAGE),, NAPA CABBAGE ,배추,4-10-01,11008,91008
1009,,RESERVE(NAPA CABBAGE),RESERVE(NAPA CABBAGE),, NAPA CABBAGE ,배추,4-10-01,11009,91009
1010,,CABBAGE,양배추,, CABBAGE ,양배추,4-10-02,11010,91010
1011,,GREEN CABBAGE,그린양배추,, CABBAGE ,양배추,4-10-02,11011,91011
1012,,JUMBO GREEN CABBAGE,그린점보양배추,, CABBAGE ,양배추,4-10-02,11012,91012
1013,,RED CABBAGE,레드양배추,, CABBAGE ,양배추,4-10-02,11013,91013
1014,,JUMBO RED CABBAGE,레드점보양배추,, CABBAGE ,양배추,4-10-02,11014,91014
1015,,TAIWAN CABBAGE,대만양배추,, CABBAGE ,양배추,4-10-02,11015,91015
1016,,SAVOY CABBAGE,사보이양배추,, CABBAGE ,양배추,4-10-02,11016,91016
1017,,BRUSSEL SPROUTS,방울양배추,, CABBAGE ,양배추,4-10-02,11017,91017
1018,,RESERVE(CABBAGE),RESERVE(CABBAGE),, CABBAGE ,양배추,4-10-02,11018,91018
1019,,RESERVE(CABBAGE),RESERVE(CABBAGE),, CABBAGE ,양배추,4-10-02,11019,91019
1020,,RESERVE(CABBAGE),RESERVE(CABBAGE),, CABBAGE ,양배추,4-10-02,11020,91020
1021,,RESERVE(CABBAGE),RESERVE(CABBAGE),, CABBAGE ,양배추,4-10-02,11021,91021
1022,,RESERVE(CABBAGE),RESERVE(CABBAGE),, CABBAGE ,양배추,4-10-02,11022,91022
1023,,RESERVE(CABBAGE),RESERVE(CABBAGE),, CABBAGE ,양배추,4-10-02,11023,91023
1024,,RESERVE(CABBAGE),RESERVE(CABBAGE),, CABBAGE ,양배추,4-10-02,11024,91024
1025,,CHOY,청경채,, CHOY ,초이,4-10-03,11025,91025
1026,,SHANGHAI BOK CHOY,상하이청경채,, CHOY ,초이,4-10-03,11026,91026
1027,,BOK CHOY,청경채,, CHOY ,초이,4-10-03,11027,91027
1028,,BOK CHOY TIP,청경채잎,, CHOY ,초이,4-10-03,11028,91028
1029,,BOK CHOY LONG,긴청경채,, CHOY ,초이,4-10-03,11029,91029
1030,,BABY BOK CHOY,작은청경채,, CHOY ,초이,4-10-03,11030,91030
1031,,BABY BOK CHOY TIP,작은청경채잎,, CHOY ,초이,4-10-03,11031,91031
1032,,BIG BOK CHOY,큰청경채,, CHOY ,초이,4-10-03,11032,91032
1033,,BIG BOK CHOY TIP,큰청경채잎,, CHOY ,초이,4-10-03,11033,91033
1034,,RED BOK CHOY,레드청경채,, CHOY ,초이,4-10-03,11034,91034
1035,,RED BOK CHOY TIP,레드청경채잎,, CHOY ,초이,4-10-03,11035,91035
1036,,SWEET BOK CHOY,단청경채,, CHOY ,초이,4-10-03,11036,91036
1037,,SWEET BOK CHOY TIP,단청경채잎,, CHOY ,초이,4-10-03,11037,91037
1038,,SHANGHAI BOK CHOY TIP,상하이청경채잎,, CHOY ,초이,4-10-03,11038,91038
1039,,RED SHANGHAI CHOY,레드상하이청경채,, CHOY ,초이,4-10-03,11039,91039
1040,,A CHOY,에이청경채,, CHOY ,초이,4-10-03,11040,91040
1041,,A CHOY SUM,에이청경채순,, CHOY ,초이,4-10-03,11041,91041
1042,,A CHOY STEM,에이청경채줄기,, CHOY ,초이,4-10-03,11042,91042
1043,,YU CHOY,유청경채,, CHOY ,초이,4-10-03,11043,91043
1044,,YU CHOY SUM,유청경채순,, CHOY ,초이,4-10-03,11044,91044
1045,,RED YU CHOY,레드유청경채,, CHOY ,초이,4-10-03,11045,91045
1046,,RED YU CHOY SUM,레드유청경채순,, CHOY ,초이,4-10-03,11046,91046
1047,,TAIWAN BOK CHOY,대만청경채,, CHOY ,초이,4-10-03,11047,91047
1048,,MON CHOY,몬청경채,, CHOY ,초이,4-10-03,11048,91048
1049,,TAKU CHOY,타쿠청경채,, CHOY ,초이,4-10-03,11049,91049
1050,,ONG CHOY,옹청경채,, CHOY ,초이,4-10-03,11050,91050
1051,,SANCHOY,산청경채,, CHOY ,초이,4-10-03,11051,91051
1052,,SANCHOY TIP,산청경채잎,, CHOY ,초이,4-10-03,11052,91052
1053,,RED SANCHOY,레드산청경채,, CHOY ,초이,4-10-03,11053,91053
1054,,RED SANCHOY TIP,레드산청경채잎,, CHOY ,초이,4-10-03,11054,91054
1055,,BIG GAY CHOY,큰가이청경채,, CHOY ,초이,4-10-03,11055,91055
1056,,GAY CHOY,가이청경채,, CHOY ,초이,4-10-03,11056,91056
1057,,SMALL GAY CHOY,작은가이청경채,, CHOY ,초이,4-10-03,11057,91057
1058,,RESERVE(CHOY),RESERVE(CHOY),, CHOY ,초이,4-10-03,11058,91058
1059,,RESERVE(CHOY),RESERVE(CHOY),, CHOY ,초이,4-10-03,11059,91059
1060,,RESERVE(CHOY),RESERVE(CHOY),, CHOY ,초이,4-10-03,11060,91060
1061,,RESERVE(CHOY),RESERVE(CHOY),, CHOY ,초이,4-10-03,11061,91061
1062,,RESERVE(CHOY),RESERVE(CHOY),, CHOY ,초이,4-10-03,11062,91062
1063,,RESERVE(CHOY),RESERVE(CHOY),, CHOY ,초이,4-10-03,11063,91063
1064,,RESERVE(CHOY),RESERVE(CHOY),, CHOY ,초이,4-10-03,11064,91064
1065,,LETTUCE,상추,, LETTUCE ,상추,4-10-04,11065,91065
1066,,GREEN LEAF LETTUCE,그린상추,, LETTUCE ,상추,4-10-04,11066,91066
1067,,RED LEAF LETTUCE,레드상추,, LETTUCE ,상추,4-10-04,11067,91067
1068,,KOREAN RED LEAF LETTUCE,한국레드상추,, LETTUCE ,상추,4-10-04,11068,91068
1069,,ICEBERG LETTUCE,양상추,, LETTUCE ,상추,4-10-04,11069,91069
1070,,ROMAINE LETTUCE,로메인상추,, LETTUCE ,상추,4-10-04,11070,91070
1071,,ESCAROLE,에스캐롤,, LETTUCE ,상추,4-10-04,11071,91071
1072,,ENDIVE,엔다이브,, LETTUCE ,상추,4-10-04,11072,91072
1073,,RESERVE(LETTUCE),RESERVE(LETTUCE),, LETTUCE ,상추,4-10-04,11073,91073
1074,,RESERVE(LETTUCE),RESERVE(LETTUCE),, LETTUCE ,상추,4-10-04,11074,91074
1075,,RESERVE(LETTUCE),RESERVE(LETTUCE),, LETTUCE ,상추,4-10-04,11075,91075
1076,,RESERVE(LETTUCE),RESERVE(LETTUCE),, LETTUCE ,상추,4-10-04,11076,91076
1077,,RESERVE(LETTUCE),RESERVE(LETTUCE),, LETTUCE ,상추,4-10-04,11077,91077
1078,,RESERVE(LETTUCE),RESERVE(LETTUCE),, LETTUCE ,상추,4-10-04,11078,91078
1079,,RESERVE(LETTUCE),RESERVE(LETTUCE),, LETTUCE ,상추,4-10-04,11079,91079
1080,,SESAME LEAF,깻잎,, SESAME LEAF ,깻잎,4-10-05,11080,91080
1081,,GREEN SESAME LEAF,그린깻잎, USA , SESAME LEAF ,깻잎,4-10-05,11081,91081
1082,,RED SESAME LEAF,레드깻잎,, SESAME LEAF ,깻잎,4-10-05,11082,91082
1083,,KOREAN SESAME LEAF,한국깻잎,, SESAME LEAF ,깻잎,4-10-05,11083,91083
1084,,KOREAN SESAME LEAF W/STEM,한국줄기깻잎,, SESAME LEAF ,깻잎,4-10-05,11084,91084
1085,,GREEN SHISO SESAME LEAF,그린시소깻잎,, SESAME LEAF ,깻잎,4-10-05,11085,91085
1086,,RED SHISO SESAME LEAF,레드시소깻잎,, SESAME LEAF ,깻잎,4-10-05,11086,91086
1087,,SESAME LEAF W/ STEM,줄기깻잎,, SESAME LEAF ,깻잎,4-10-05,11087,91087
1088,,CHUBU SESAME LEAF,추부깻잎,, SESAME LEAF ,깻잎,4-10-05,11088,91088
1089,,RESERVE(SESAME LEAF),RESERVE(SESAME LEAF),, SESAME LEAF ,깻잎,4-10-05,11089,91089
1090,,RESERVE(SESAME LEAF),RESERVE(SESAME LEAF),, SESAME LEAF ,깻잎,4-10-05,11090,91090
1091,,RESERVE(SESAME LEAF),RESERVE(SESAME LEAF),, SESAME LEAF ,깻잎,4-10-05,11091,91091
1092,,RESERVE(SESAME LEAF),RESERVE(SESAME LEAF),, SESAME LEAF ,깻잎,4-10-05,11092,91092
1093,,RESERVE(SESAME LEAF),RESERVE(SESAME LEAF),, SESAME LEAF ,깻잎,4-10-05,11093,91093
1094,,RESERVE(SESAME LEAF),RESERVE(SESAME LEAF),, SESAME LEAF ,깻잎,4-10-05,11094,91094
1095,,SCALLION,파,, SCALLION ,파,4-10-06,11095,91095
1096,,GREEN ONION,그린파,, SCALLION ,파,4-10-06,11096,91096
1097,,SMALL GREEN ONION,쪽파, USA , SCALLION ,파,4-10-06,11097,91097
1098,,BIG GREEN ONION,대파, LA , SCALLION ,파,4-10-06,11098,91098
1099,,RESERVE(SCALLION),RESERVE(SCALLION),, SCALLION ,파,4-10-06,11099,91099
1100,,LEEK,릭,, LEEK ,릭,4-10-07,11100,91100
1101,,GREEN LEEK,그린릭,, LEEK ,릭,4-10-07,11101,91101
1102,,CHINESE LEEK,중국릭,, LEEK ,릭,4-10-07,11102,91102
1103,,BABY LEEK,작은릭,, LEEK ,릭,4-10-07,11103,91103
1104,,RESERVE(LEEK),RESERVE(LEEK),, LEEK ,릭,4-10-07,11104,91104
1105,,CHIVE,부추,, CHIVE ,부추,4-10-08,11105,91105
1106,,GREEN CHIVE,그린부추,, CHIVE ,부추,4-10-08,11106,91106
1107,,KOREAN CHIVE,한국부추,, CHIVE ,부추,4-10-08,11107,91107
1108,,CHINESE CHIVE,중국부추,, CHIVE ,부추,4-10-08,11108,91108
1109,,YELLOW CHIVE,황색부추,, CHIVE ,부추,4-10-08,11109,91109
1110,,FLOWER CHIVE,부추꽃,, CHIVE ,부추,4-10-08,11110,91110
1111,,RESERVE(CHIVE),RESERVE(CHIVE),, CHIVE ,부추,4-10-08,11111,91111
1112,,RESERVE(CHIVE),RESERVE(CHIVE),, CHIVE ,부추,4-10-08,11112,91112
1113,,RESERVE(CHIVE),RESERVE(CHIVE),, CHIVE ,부추,4-10-08,11113,91113
1114,,RESERVE(CHIVE),RESERVE(CHIVE),, CHIVE ,부추,4-10-08,11114,91114
1115,,MUSTARD,갓,, MUSTARD ,갓,4-10-09,11115,91115
1116,,GREEN MUSTARD,그린갓,, MUSTARD ,갓,4-10-09,11116,91116
1117,,KOREAN MUSTARD,한국갓,, MUSTARD ,갓,4-10-09,11117,91117
1118,,RESERVE(MUSTARD),RESERVE(MUSTARD),, MUSTARD ,갓,4-10-09,11118,91118
1119,,RESERVE(MUSTARD),RESERVE(MUSTARD),, MUSTARD ,갓,4-10-09,11119,91119
1120,,CHARD,근대,, CHARD ,근대,4-10-10,11120,91120
1121,,GREEN CHARD,그린근대,, CHARD ,근대,4-10-10,11121,91121
1122,,RED CHARD,레드근대,, CHARD ,근대,4-10-10,11122,91122
1123,,RESERVE(CHARD),RESERVE(CHARD),, CHARD ,근대,4-10-10,11123,91123
1124,,RESERVE(CHARD),RESERVE(CHARD),, CHARD ,근대,4-10-10,11124,91124
1125,,COLLARD,콜라드,, COLLARD ,콜라드,4-10-11,11125,91125
1126,,GREEN COLLARD,그린콜라드,, COLLARD ,콜라드,4-10-11,11126,91126
1127,,RAINBOW COLLARD,레인보우콜라드,, COLLARD ,콜라드,4-10-11,11127,91127
1128,,RESERVE(COLLARD),RESERVE(COLLARD),, COLLARD ,콜라드,4-10-11,11128,91128
1129,,RESERVE(COLLARD),RESERVE(COLLARD),, COLLARD ,콜라드,4-10-11,11129,91129
1130,,KALE,케일,, KALE ,케일,4-10-12,11130,91130
1131,,GREEN KALE,그린케일,, KALE ,케일,4-10-12,11131,91131
1132,,PURPLE KALE,퍼플케일,, KALE ,케일,4-10-12,11132,91132
1133,,BLACK KALE,블랙케일,, KALE ,케일,4-10-12,11133,91133
1134,,TUSCAN(LACINATO) KALE,락시토케일,, KALE ,케일,4-10-12,11134,91134
1135,,RESERVE(KALE),RESERVE(KALE),, KALE ,케일,4-10-12,11135,91135
1136,,RESERVE(KALE),RESERVE(KALE),, KALE ,케일,4-10-12,11136,91136
1137,,RESERVE(KALE),RESERVE(KALE),, KALE ,케일,4-10-12,11137,91137
1138,,RESERVE(KALE),RESERVE(KALE),, KALE ,케일,4-10-12,11138,91138
1139,,RESERVE(KALE),RESERVE(KALE),, KALE ,케일,4-10-12,11139,91139
1140,,SPINACH,시금치,, SPINACH ,시금치,4-10-13,11140,91140
1141,,GREEN SPINACH,그린시금치,, SPINACH ,시금치,4-10-13,11141,91141
1142,,KOREAN SPINACH,한국시금치, USA/MEX , SPINACH ,시금치,4-10-13,11142,91142
1143,,TAIWAN SPINACH,대만시금치,, SPINACH ,시금치,4-10-13,11143,91143
1144,,RED SPINACH,레드시금치,, SPINACH ,시금치,4-10-13,11144,91144
1145,,RESERVE(SPINACH),RESERVE(SPINACH),, SPINACH ,시금치,4-10-13,11145,91145
1146,,RESERVE(SPINACH),RESERVE(SPINACH),, SPINACH ,시금치,4-10-13,11146,91146
1147,,RESERVE(SPINACH),RESERVE(SPINACH),, SPINACH ,시금치,4-10-13,11147,91147
1148,,RESERVE(SPINACH),RESERVE(SPINACH),, SPINACH ,시금치,4-10-13,11148,91148
1149,,RESERVE(SPINACH),RESERVE(SPINACH),, SPINACH ,시금치,4-10-13,11149,91149
1150,,CROWN DAISY,쑥갓,, CROWN DAISY ,쑥갓,4-10-14,11150,91150
1151,,GREEN CROWN DAISY,그린쑥갓,, CROWN DAISY ,쑥갓,4-10-14,11151,91151
1152,,RESERVE(CROWN DAISY),RESERVE(CROWN DAISY),, CROWN DAISY ,쑥갓,4-10-14,11152,91152
1153,,RESERVE(CROWN DAISY),RESERVE(CROWN DAISY),, CROWN DAISY ,쑥갓,4-10-14,11153,91153
1154,,RESERVE(CROWN DAISY),RESERVE(CROWN DAISY),, CROWN DAISY ,쑥갓,4-10-14,11154,91154
1155,,CHICORY,치커리,, CHICORY ,치커리,4-10-15,11155,91155
1156,,GREEN CHICORY,그린치커리,, CHICORY ,치커리,4-10-15,11156,91156
1157,,RADICCHIO,래디치오,, CHICORY ,치커리,4-10-15,11157,91157
1158,,RESERVE(CHICORY),RESERVE(CHICORY),, CHICORY ,치커리,4-10-15,11158,91158
1159,,RESERVE(CHICORY),RESERVE(CHICORY),, CHICORY ,치커리,4-10-15,11159,91159
1160,,PARSLEY,파슬리,, PARSLEY ,파슬리,4-10-16,11160,91160
1161,,GREEN PARSLEY,그린파슬리,, PARSLEY ,파슬리,4-10-16,11161,91161
1162,,CHINESE PARSLEY,중국파슬리,, PARSLEY ,파슬리,4-10-16,11162,91162
1163,,ITALIAN PARSLEY,이탈리안파슬리,, PARSLEY ,파슬리,4-10-16,11163,91163
1164,,CURLY PARSLEY,컬리파슬리,, PARSLEY ,파슬리,4-10-16,11164,91164
1165,,PARSLEY ROOT BUNCH,파슬리뿌리,, PARSLEY ,파슬리,4-10-16,11165,91165
1166,,RESERVE(PARSLEY),RESERVE(PARSLEY),, PARSLEY ,파슬리,4-10-16,11166,91166
1167,,RESERVE(PARSLEY),RESERVE(PARSLEY),, PARSLEY ,파슬리,4-10-16,11167,91167
1168,,RESERVE(PARSLEY),RESERVE(PARSLEY),, PARSLEY ,파슬리,4-10-16,11168,91168
1169,,RESERVE(PARSLEY),RESERVE(PARSLEY),, PARSLEY ,파슬리,4-10-16,11169,91169
1170,,BASIL,바질,, BASIL ,바질,4-10-17,11170,91170
1171,,GREEN BASIL,그린바질,, BASIL ,바질,4-10-17,11171,91171
1172,,THAI BASIL,태국바질,, BASIL ,바질,4-10-17,11172,91172
1173,,TAIWAN BASIL,대만바질,, BASIL ,바질,4-10-17,11173,91173
1174,,OPAL BASIL,오팔바질,, BASIL ,바질,4-10-17,11174,91174
1175,,RESERVE(BASIL),RESERVE(BASIL),, BASIL ,바질,4-10-17,11175,91175
1176,,RESERVE(BASIL),RESERVE(BASIL),, BASIL ,바질,4-10-17,11176,91176
1177,,RESERVE(BASIL),RESERVE(BASIL),, BASIL ,바질,4-10-17,11177,91177
1178,,RESERVE(BASIL),RESERVE(BASIL),, BASIL ,바질,4-10-17,11178,91178
1179,,RESERVE(BASIL),RESERVE(BASIL),, BASIL ,바질,4-10-17,11179,91179
1180,,HERB,허브,, HERB ,허브,4-10-18,11180,91180
1181,,CILANTRO,고수,, HERB ,허브,4-10-18,11181,91181
1182,,RAURAM,라우람(코리앤더),, HERB ,허브,4-10-18,11182,91182
1183,,MINT,민트,, HERB ,허브,4-10-18,11183,91183
1184,,PEPPERMINT,페퍼민트,, HERB ,허브,4-10-18,11184,91184
1185,,PENNYWORT,병풀,, HERB ,허브,4-10-18,11185,91185
1186,,CULANTRO,쿨란트로,, HERB ,허브,4-10-18,11186,91186
1187,,ALLSPICE,올스파이스,, HERB ,허브,4-10-18,11187,91187
1188,,ANISE,애니스,, HERB ,허브,4-10-18,11188,91188
1189,,BAYLEAF,월계수잎,, HERB ,허브,4-10-18,11189,91189
1190,,TARE,타레,, HERB ,허브,4-10-18,11190,91190
1191,,LEMONGRASS,레몬그라스,, HERB ,허브,4-10-18,11191,91191
1192,,TARRAGON,타라곤,, HERB ,허브,4-10-18,11192,91192
1193,,THYME,타임(백리향),, HERB ,허브,4-10-18,11193,91193
1194,,SAVORY,세이버리(풍미초),, HERB ,허브,4-10-18,11194,91194
1195,,DILL,딜,, HERB ,허브,4-10-18,11195,91195
1196,,FENNEL,펜넬(회향),, HERB ,허브,4-10-18,11196,91196
1197,,EPAZOTE,에파조테,, HERB ,허브,4-10-18,11197,91197
1198,,BORAGE,보리지(붕꽃풀),, HERB ,허브,4-10-18,11198,91198
1199,,MARJORAM,마조람,, HERB ,허브,4-10-18,11199,91199
1200,,BURNET,버넷(뚝갈),, HERB ,허브,4-10-18,11200,91200
1201,,CAPER,케이퍼,, HERB ,허브,4-10-18,11201,91201
1202,,CARAWAYSEED,케러웨이씨앗(회향씨앗),, HERB ,허브,4-10-18,11202,91202
1203,,CARDAMON,카다멈,, HERB ,허브,4-10-18,11203,91203
1204,,CINNAMON,시나몬(계피),, HERB ,허브,4-10-18,11204,91204
1205,,CLOVE,클로브(정향),, HERB ,허브,4-10-18,11205,91205
1206,,CUMIN,큐민,, HERB ,허브,4-10-18,11206,91206
1207,,OREGANO,오레가노,, HERB ,허브,4-10-18,11207,91207
1208,,NUTMEG,넛맥(육두구),, HERB ,허브,4-10-18,11208,91208
1209,,ROSEMARY,로즈마리,, HERB ,허브,4-10-18,11209,91209
1210,,SAGE,세이지(살비아),, HERB ,허브,4-10-18,11210,91210
1211,,JUNIPER,주니퍼(노간주나무),, HERB ,허브,4-10-18,11211,91211
1212,,LOVAGE,러비지(사랑풀),, HERB ,허브,4-10-18,11212,91212
1213,,VANILLA,바닐라,, HERB ,허브,4-10-18,11213,91213
1214,,MACE,메이스,, HERB ,허브,4-10-18,11214,91214
1215,,LILYBULB,백합뿌리,, HERB ,허브,4-10-18,11215,91215
1216,,MORINGA,모링가,, HERB ,허브,4-10-18,11216,91216
1217,,PANDAN LEAVES,판단잎,, HERB ,허브,4-10-18,11217,91217
1218,,SORREL,소렐(수영),, HERB ,허브,4-10-18,11218,91218
1219,,VETCHES,벳치(갈풀),, HERB ,허브,4-10-18,11219,91219
1220,,PAPALO,파팔로,, HERB ,허브,4-10-18,11220,91220
1221,,AMARANTH,아마란스,, HERB ,허브,4-10-18,11221,91221
1222,,PIPER SARMENTOSUM,야란엽,, HERB ,허브,4-10-18,11222,91222
1223,,RESERVE(HERB),RESERVE(HERB),, HERB ,허브,4-10-18,11223,91223
1224,,RESERVE(HERB),RESERVE(HERB),, HERB ,허브,4-10-18,11224,91224
1225,,RESERVE(HERB),RESERVE(HERB),, HERB ,허브,4-10-18,11225,91225
1226,,RESERVE(HERB),RESERVE(HERB),, HERB ,허브,4-10-18,11226,91226
1227,,RESERVE(HERB),RESERVE(HERB),, HERB ,허브,4-10-18,11227,91227
1228,,RESERVE(HERB),RESERVE(HERB),, HERB ,허브,4-10-18,11228,91228
1229,,RESERVE(HERB),RESERVE(HERB),, HERB ,허브,4-10-18,11229,91229
1230,,RESERVE(HERB),RESERVE(HERB),, HERB ,허브,4-10-18,11230,91230
1231,,RESERVE(HERB),RESERVE(HERB),, HERB ,허브,4-10-18,11231,91231
1232,,RESERVE(HERB),RESERVE(HERB),, HERB ,허브,4-10-18,11232,91232
1233,,RESERVE(HERB),RESERVE(HERB),, HERB ,허브,4-10-18,11233,91233
1234,,RESERVE(HERB),RESERVE(HERB),, HERB ,허브,4-10-18,11234,91234
1235,,RESERVE(HERB),RESERVE(HERB),, HERB ,허브,4-10-18,11235,91235
1236,,RESERVE(HERB),RESERVE(HERB),, HERB ,허브,4-10-18,11236,91236
1237,,RESERVE(HERB),RESERVE(HERB),, HERB ,허브,4-10-18,11237,91237
1238,,RESERVE(HERB),RESERVE(HERB),, HERB ,허브,4-10-18,11238,91238
1239,,RESERVE(HERB),RESERVE(HERB),, HERB ,허브,4-10-18,11239,91239
1240,,LEAF,잎채소,, LEAF VEGETABLE ,잎채소,4-10-19,11240,91240
1241,,PURSLANE LEAF,쇠비름잎,, LEAF VEGETABLE ,잎채소,4-10-19,11241,91241
1242,,AMARANTH LEAF,아마란스잎,, LEAF VEGETABLE ,잎채소,4-10-19,11242,91242
1243,,AILANTHUS LEAF,가죽나무잎,, LEAF VEGETABLE ,잎채소,4-10-19,11243,91243
1244,,ASTER SCABER LEAF,취나물,, LEAF VEGETABLE ,잎채소,4-10-19,11244,91244
1245,,MITSUBA LEAF,미츠바잎,, LEAF VEGETABLE ,잎채소,4-10-19,11245,91245
1246,,ARUGULA LEAF,아루굴라잎,, LEAF VEGETABLE ,잎채소,4-10-19,11246,91246
1247,,CIRSIUM SETIDENS LEAF,곤드레나물,, LEAF VEGETABLE ,잎채소,4-10-19,11247,91247
1248,,DOT GREENS LEAF,돌나물잎,, LEAF VEGETABLE ,잎채소,4-10-19,11248,91248
1249,,GARLIC LEAF,마늘잎,, LEAF VEGETABLE ,잎채소,4-10-19,11249,91249
1250,,MUGWORT LEAF,쑥잎,, LEAF VEGETABLE ,잎채소,4-10-19,11250,91250
1251,,MULBERRY LEAVES LEAF,뽕잎,, LEAF VEGETABLE ,잎채소,4-10-19,11251,91251
1252,,CLUSTER MALLOW LEAF,아욱잎,, LEAF VEGETABLE ,잎채소,4-10-19,11252,91252
1253,,BEAN LEAF,콩잎,, LEAF VEGETABLE ,잎채소,4-10-19,11253,91253
1254,,SNOW PEA LEAF,완두콩순잎,, LEAF VEGETABLE ,잎채소,4-10-19,11254,91254
1255,,PEPPER LEAF,고추잎,, LEAF VEGETABLE ,잎채소,4-10-19,11255,91255
1256,,SQUASH LEAF,호박잎,, LEAF VEGETABLE ,잎채소,4-10-19,11256,91256
1257,,CHILI LEAF,매운고추잎,, LEAF VEGETABLE ,잎채소,4-10-19,11257,91257
1258,,CURRY LEAF,거리잎,, LEAF VEGETABLE ,잎채소,4-10-19,11258,91258
1259,,YAM LEAF,마잎,, LEAF VEGETABLE ,잎채소,4-10-19,11259,91259
1260,,LIME LEAF,라임잎,, LEAF VEGETABLE ,잎채소,4-10-19,11260,91260
1261,,TURNIP LEAF,순무잎,, LEAF VEGETABLE ,잎채소,4-10-19,11261,91261
1262,,CACTUS LEAF,선인장잎,, LEAF VEGETABLE ,잎채소,4-10-19,11262,91262
1263,,TARO LEAF,토란잎,, LEAF VEGETABLE ,잎채소,4-10-19,11263,91263
1264,,BANANA LEAF,바나나잎,, LEAF VEGETABLE ,잎채소,4-10-19,11264,91264
1265,,ANISE LEAF,애니스잎,, LEAF VEGETABLE ,잎채소,4-10-19,11265,91265
1266,,TAMUNG LEAF,타뭉잎,, LEAF VEGETABLE ,잎채소,4-10-19,11266,91266
1267,,SALUYOT LEAF,상추풀잎,, LEAF VEGETABLE ,잎채소,4-10-19,11267,91267
1268,,SOURSOP LEAF,샤워솝잎,, LEAF VEGETABLE ,잎채소,4-10-19,11268,91268
1269,,METHI LEAF,메티잎,, LEAF VEGETABLE ,잎채소,4-10-19,11269,91269
1270,,BATHUA LEAF,바투아잎,, LEAF VEGETABLE ,잎채소,4-10-19,11270,91270
1271,,THAI IVY LEAF,태국아이비잎,, LEAF VEGETABLE ,잎채소,4-10-19,11271,91271
1272,,WATER CRESS LEAF,원터크레스잎,, LEAF VEGETABLE ,잎채소,4-10-19,11272,91272
1273,,DANDELION LEAF,민들레잎,, LEAF VEGETABLE ,잎채소,4-10-19,11273,91273
1274,,WILD GARLIC LEAF,산마늘잎,, LEAF VEGETABLE ,잎채소,4-10-19,11274,91274
1275,,BUTTERBUR LEAF,머위잎,, LEAF VEGETABLE ,잎채소,4-10-19,11275,91275
1276,,RADISH LEAF,무잎,, LEAF VEGETABLE ,잎채소,4-10-19,11276,91276
1277,,RADISH SPROUTS LEAF,무순잎,, LEAF VEGETABLE ,잎채소,4-10-19,11277,91277
1278,,SHERLIHON LEAF,셀리혼잎,, LEAF VEGETABLE ,잎채소,4-10-19,11278,91278
1279,,FRISEE LEAF,프리제잎,, LEAF VEGETABLE ,잎채소,4-10-19,11279,91279
1280,,ALFALFA LEAF,알팔파잎,, LEAF VEGETABLE ,잎채소,4-10-19,11280,91280
1281,,RESERVE(LEAF VEGETABLE),RESERVE(LEAF VEGETABLE),, LEAF VEGETABLE ,잎채소,4-10-19,11281,91281
1282,,RESERVE(LEAF VEGETABLE),RESERVE(LEAF VEGETABLE),, LEAF VEGETABLE ,잎채소,4-10-19,11282,91282
1283,,RESERVE(LEAF VEGETABLE),RESERVE(LEAF VEGETABLE),, LEAF VEGETABLE ,잎채소,4-10-19,11283,91283
1284,,RESERVE(LEAF VEGETABLE),RESERVE(LEAF VEGETABLE),, LEAF VEGETABLE ,잎채소,4-10-19,11284,91284
1285,,RESERVE(LEAF VEGETABLE),RESERVE(LEAF VEGETABLE),, LEAF VEGETABLE ,잎채소,4-10-19,11285,91285
1286,,RESERVE(LEAF VEGETABLE),RESERVE(LEAF VEGETABLE),, LEAF VEGETABLE ,잎채소,4-10-19,11286,91286
1287,,RESERVE(LEAF VEGETABLE),RESERVE(LEAF VEGETABLE),, LEAF VEGETABLE ,잎채소,4-10-19,11287,91287
1288,,RESERVE(LEAF VEGETABLE),RESERVE(LEAF VEGETABLE),, LEAF VEGETABLE ,잎채소,4-10-19,11288,91288
1289,,RESERVE(LEAF VEGETABLE),RESERVE(LEAF VEGETABLE),, LEAF VEGETABLE ,잎채소,4-10-19,11289,91289
1290,,ETC,ETC,, ETC ,기타,4-10-20,X,X
1291,,ETC,ETC,, ETC ,기타,4-10-20,X,X
1292,,ETC,ETC,, ETC ,기타,4-10-20,X,X
1293,,ETC,ETC,, ETC ,기타,4-10-20,X,X
1294,,ETC,ETC,, ETC ,기타,4-10-20,X,X
1295,,ETC,ETC,, ETC ,기타,4-10-20,X,X
1296,,ETC,ETC,, ETC ,기타,4-10-20,X,X
1297,,ETC,ETC,, ETC ,기타,4-10-20,X,X
1298,,ETC,ETC,, ETC ,기타,4-10-20,X,X
1299,,ETC,ETC,, ETC ,기타,4-10-20,X,X
1300,,ETC,ETC,, ETC ,기타,4-10-20,X,X
1301,,ETC,ETC,, ETC ,기타,4-10-20,X,X
1302,,ETC,ETC,, ETC ,기타,4-10-20,X,X
1303,,ETC,ETC,, ETC ,기타,4-10-20,X,X
1304,,ETC,ETC,, ETC ,기타,4-10-20,X,X
1305,,ONION,양파,, ONION ,양파,4-10-21,11305,91305
1306,,SWEET ONION,스윗양파,, ONION ,양파,4-10-21,11306,91306
1307,,WHITE ONION,화이트양파,, ONION ,양파,4-10-21,11307,91307
1308,,WHITE JUMBO ONION,화이트점보양파,, ONION ,양파,4-10-21,11308,91308
1309,,YELLOW ONION,옐로우양파,, ONION ,양파,4-10-21,11309,91309
1310,,YELLOW JUMBO ONION,옐로우점보양파,, ONION ,양파,4-10-21,11310,91310
1311,,RED ONION,레드양파,, ONION ,양파,4-10-21,11311,91311
1312,,RED JUMBO ONION,레드점보양파,, ONION ,양파,4-10-21,11312,91312
1313,,GREEN PEARL ONION,그린펄양파,, ONION ,양파,4-10-21,11313,91313
1314,,WHITE PEARL ONION,화이트펄양파,, ONION ,양파,4-10-21,11314,91314
1315,,GOLD PEARL ONION,골드펄양파,, ONION ,양파,4-10-21,11315,91315
1316,,RED PEARL ONION,레드펄양파,, ONION ,양파,4-10-21,11316,91316
1317,,CHIPOLLINI ONION,치폴리니양파,, ONION ,양파,4-10-21,11317,91317
1318,,VIDALIA ONION,비달리아양파,, ONION ,양파,4-10-21,11318,91318
1319,,SHALLOT(PEELED),깐샬롯,, ONION ,양파,4-10-21,11319,91319
1320,,SHALLOT,샬롯,, ONION ,양파,4-10-21,11320,91320
1321,,RESERVE(ONION),RESERVE(ONION),, ONION ,양파,4-10-21,11321,91321
1322,,RESERVE(ONION),RESERVE(ONION),, ONION ,양파,4-10-21,11322,91322
1323,,RESERVE(ONION),RESERVE(ONION),, ONION ,양파,4-10-21,11323,91323
1324,,RESERVE(ONION),RESERVE(ONION),, ONION ,양파,4-10-21,11324,91324
1325,,RESERVE(ONION),RESERVE(ONION),, ONION ,양파,4-10-21,11325,91325
1326,,RESERVE(ONION),RESERVE(ONION),, ONION ,양파,4-10-21,11326,91326
1327,,RESERVE(ONION),RESERVE(ONION),, ONION ,양파,4-10-21,11327,91327
1328,,RESERVE(ONION),RESERVE(ONION),, ONION ,양파,4-10-21,11328,91328
1329,,RESERVE(ONION),RESERVE(ONION),, ONION ,양파,4-10-21,11329,91329
1330,,GARLIC,마늘,, GARLIC ,마늘,4-10-22,11330,91330
1331,,KOREAN GARLIC,한국마늘,, GARLIC ,마늘,4-10-22,11331,91331
1332,,YOUNG GARLIC,풋마늘,, GARLIC ,마늘,4-10-22,11332,91332
1333,,ELEPHANT GARLIC,왕마늘,, GARLIC ,마늘,4-10-22,11333,91333
1334,,GARLIC(PEELED),깐마늘,, GARLIC ,마늘,4-10-22,11334,91334
1335,,RESERVE(GARLIC),RESERVE(GARLIC),, GARLIC ,마늘,4-10-22,11335,91335
1336,,RESERVE(GARLIC),RESERVE(GARLIC),, GARLIC ,마늘,4-10-22,11336,91336
1337,,RESERVE(GARLIC),RESERVE(GARLIC),, GARLIC ,마늘,4-10-22,11337,91337
1338,,RESERVE(GARLIC),RESERVE(GARLIC),, GARLIC ,마늘,4-10-22,11338,91338
1339,,RESERVE(GARLIC),RESERVE(GARLIC),, GARLIC ,마늘,4-10-22,11339,91339
1340,,GINGER,생강,, GINGER ,생강,4-10-23,11340,91340
1341,,YOUNG GINGER,어린생강,, GINGER ,생강,4-10-23,11341,91341
1342,,GALANGA,갈랑가,, GINGER ,생강,4-10-23,11342,91342
1343,,TUMERIC,튜메릭,, GINGER ,생강,4-10-23,11343,91343
1344,,RESERVE(GINGER),RESERVE(GINGER),, GINGER ,생강,4-10-23,11344,91344
1345,,CELERY,샐러리,, CELERY ,샐러리,4-10-24,11345,91345
1346,,GREEN CELERY,그린샐러리,, CELERY ,샐러리,4-10-24,11346,91346
1347,,CELERY ROOT,샐러리뿌리,, CELERY ,샐러리,4-10-24,11347,91347
1348,,CHINA CELERY,중국샐러리,, CELERY ,샐러리,4-10-24,11348,91348
1349,,RESERVE(CELERY),RESERVE(CELERY),, CELERY ,샐러리,4-10-24,11349,91349
1350,,POTATO,감자,, POTATO ,감자,4-10-25,11350,91350
1351,,YELLOW POTATO,옐로우감자,, POTATO ,감자,4-10-25,11351,91351
1352,,WHITE POTATO,화이트감자,, POTATO ,감자,4-10-25,11352,91352
1353,,RED POTATO,레드감자,, POTATO ,감자,4-10-25,11353,91353
1354,,PURPLE POTATO,퍼플감자,, POTATO ,감자,4-10-25,11354,91354
1355,,BLACK POTATO,블랙감자,, POTATO ,감자,4-10-25,11355,91355
1356,,YUKON POTATO,유콘감자,, POTATO ,감자,4-10-25,11356,91356
1357,,WHITE BABY POTATO,작은화이트감자,, POTATO ,감자,4-10-25,11357,91357
1358,,YELLOW BABY POTATO,작은옐로우감자,, POTATO ,감자,4-10-25,11358,91358
1359,,RED BABY POTATO,작은레드감자,, POTATO ,감자,4-10-25,11359,91359
1360,,PURPLE BABY POTATO,작은퍼플감자,, POTATO ,감자,4-10-25,11360,91360
1361,,RUSSET POTATO,러셋감자,, POTATO ,감자,4-10-25,11361,91361
1362,,YUCA(CASSAVA),유카,, POTATO ,감자,4-10-25,11362,91362
1363,,SUNCHOKE POTATO,돼지감자,, POTATO ,감자,4-10-25,11363,91363
1364,,WATER POTATO,물감자,, POTATO ,감자,4-10-25,11364,91364
1365,,JICAMA POTATO,지카마,, POTATO ,감자,4-10-25,11365,91365
1366,,MIXED BABY POTATO,작은감자(믹스),, POTATO ,감자,4-10-25,11366,91366
1367,,RESERVE(POTATO),RESERVE(POTATO),, POTATO ,감자,4-10-25,11367,91367
1368,,RESERVE(POTATO),RESERVE(POTATO),, POTATO ,감자,4-10-25,11368,91368
1369,,RESERVE(POTATO),RESERVE(POTATO),, POTATO ,감자,4-10-25,11369,91369
1370,,STEM,줄기채소,, STEM VEGETABLE ,줄기채소,4-10-26,11370,91370
1371,,ASPARAGUS STEM,아스파라거스줄기,, STEM VEGETABLE ,줄기채소,4-10-26,11371,91371
1372,,PEA SHOOTS STEM,완두콩순줄지,, STEM VEGETABLE ,줄기채소,4-10-26,11372,91372
1373,,TARO STEM STEM,토란대,, STEM VEGETABLE ,줄기채소,4-10-26,11373,91373
1374,,BOMBOO SHOOT STEM,죽순,, STEM VEGETABLE ,줄기채소,4-10-26,11374,91374
1375,,SALICORNIA(HOMCHO) STEM,함초줄기,, STEM VEGETABLE ,줄기채소,4-10-26,11375,91375
1376,,EDIBLE SHOOTS OF A FATSIA STEM,두릅,, STEM VEGETABLE ,줄기채소,4-10-26,11376,91376
1377,,SWEET POTATO STEM STEM,고구마줄기,, STEM VEGETABLE ,줄기채소,4-10-26,11377,91377
1378,,KOREAN WATER DROPWORT STEM,한국산미나리줄기,, STEM VEGETABLE ,줄기채소,4-10-26,11378,91378
1379,,WATER DROPWORT STEM,미나리줄기,, STEM VEGETABLE ,줄기채소,4-10-26,11379,91379
1380,,FERNBRAKE STEM,고사리줄기,, STEM VEGETABLE ,줄기채소,4-10-26,11380,91380
1381,,GARLIC STEM,마늘쫑,, STEM VEGETABLE ,줄기채소,4-10-26,11381,91381
1382,,SNOW PEA TIPS,눈완두콩순,, STEM VEGETABLE ,줄기채소,4-10-26,11382,91382
1383,,RESERVE(STEM VEGETABLE),RESERVE(STEM VEGETABLE),, STEM VEGETABLE ,줄기채소,4-10-26,11383,91383
1384,,RESERVE(STEM VEGETABLE),RESERVE(STEM VEGETABLE),, STEM VEGETABLE ,줄기채소,4-10-26,11384,91384
1385,,RESERVE(STEM VEGETABLE),RESERVE(STEM VEGETABLE),, STEM VEGETABLE ,줄기채소,4-10-26,11385,91385
1386,,RESERVE(STEM VEGETABLE),RESERVE(STEM VEGETABLE),, STEM VEGETABLE ,줄기채소,4-10-26,11386,91386
1387,,RESERVE(STEM VEGETABLE),RESERVE(STEM VEGETABLE),, STEM VEGETABLE ,줄기채소,4-10-26,11387,91387
1388,,RESERVE(STEM VEGETABLE),RESERVE(STEM VEGETABLE),, STEM VEGETABLE ,줄기채소,4-10-26,11388,91388
1389,,RESERVE(STEM VEGETABLE),RESERVE(STEM VEGETABLE),, STEM VEGETABLE ,줄기채소,4-10-26,11389,91389
1390,,RESERVE(STEM VEGETABLE),RESERVE(STEM VEGETABLE),, STEM VEGETABLE ,줄기채소,4-10-26,11390,91390
1391,,RESERVE(STEM VEGETABLE),RESERVE(STEM VEGETABLE),, STEM VEGETABLE ,줄기채소,4-10-26,11391,91391
1392,,RESERVE(STEM VEGETABLE),RESERVE(STEM VEGETABLE),, STEM VEGETABLE ,줄기채소,4-10-26,11392,91392
1393,,RESERVE(STEM VEGETABLE),RESERVE(STEM VEGETABLE),, STEM VEGETABLE ,줄기채소,4-10-26,11393,91393
1394,,RESERVE(STEM VEGETABLE),RESERVE(STEM VEGETABLE),, STEM VEGETABLE ,줄기채소,4-10-26,11394,91394
1395,,RESERVE(STEM VEGETABLE),RESERVE(STEM VEGETABLE),, STEM VEGETABLE ,줄기채소,4-10-26,11395,91395
1396,,RESERVE(STEM VEGETABLE),RESERVE(STEM VEGETABLE),, STEM VEGETABLE ,줄기채소,4-10-26,11396,91396
1397,,RESERVE(STEM VEGETABLE),RESERVE(STEM VEGETABLE),, STEM VEGETABLE ,줄기채소,4-10-26,11397,91397
1398,,RESERVE(STEM VEGETABLE),RESERVE(STEM VEGETABLE),, STEM VEGETABLE ,줄기채소,4-10-26,11398,91398
1399,,RESERVE(STEM VEGETABLE),RESERVE(STEM VEGETABLE),, STEM VEGETABLE ,줄기채소,4-10-26,11399,91399
1400,,RESERVE(STEM VEGETABLE),RESERVE(STEM VEGETABLE),, STEM VEGETABLE ,줄기채소,4-10-26,11400,91400
1401,,RESERVE(STEM VEGETABLE),RESERVE(STEM VEGETABLE),, STEM VEGETABLE ,줄기채소,4-10-26,11401,91401
1402,,RESERVE(STEM VEGETABLE),RESERVE(STEM VEGETABLE),, STEM VEGETABLE ,줄기채소,4-10-26,11402,91402
1403,,RESERVE(STEM VEGETABLE),RESERVE(STEM VEGETABLE),, STEM VEGETABLE ,줄기채소,4-10-26,11403,91403
1404,,RESERVE(STEM VEGETABLE),RESERVE(STEM VEGETABLE),, STEM VEGETABLE ,줄기채소,4-10-26,11404,91404
1405,,RESERVE(STEM VEGETABLE),RESERVE(STEM VEGETABLE),, STEM VEGETABLE ,줄기채소,4-10-26,11405,91405
1406,,RESERVE(STEM VEGETABLE),RESERVE(STEM VEGETABLE),, STEM VEGETABLE ,줄기채소,4-10-26,11406,91406
1407,,RESERVE(STEM VEGETABLE),RESERVE(STEM VEGETABLE),, STEM VEGETABLE ,줄기채소,4-10-26,11407,91407
1408,,RESERVE(STEM VEGETABLE),RESERVE(STEM VEGETABLE),, STEM VEGETABLE ,줄기채소,4-10-26,11408,91408
1409,,RESERVE(STEM VEGETABLE),RESERVE(STEM VEGETABLE),, STEM VEGETABLE ,줄기채소,4-10-26,11409,91409
1410,,ETC,ETC,, ETC ,기타,4-10-27,X,X
1411,,ETC,ETC,, ETC ,기타,4-10-27,X,X
1412,,ETC,ETC,, ETC ,기타,4-10-27,X,X
1413,,ETC,ETC,, ETC ,기타,4-10-27,X,X
1414,,ETC,ETC,, ETC ,기타,4-10-27,X,X
1415,,ETC,ETC,, ETC ,기타,4-10-27,X,X
1416,,ETC,ETC,, ETC ,기타,4-10-27,X,X
1417,,ETC,ETC,, ETC ,기타,4-10-27,X,X
1418,,ETC,ETC,, ETC ,기타,4-10-27,X,X
1419,,ETC,ETC,, ETC ,기타,4-10-27,X,X
1420,,ETC,ETC,, ETC ,기타,4-10-27,X,X
1421,,ETC,ETC,, ETC ,기타,4-10-27,X,X
1422,,ETC,ETC,, ETC ,기타,4-10-27,X,X
1423,,ETC,ETC,, ETC ,기타,4-10-27,X,X
1424,,ETC,ETC,, ETC ,기타,4-10-27,X,X
1425,,SWEET POTATO,고구마,, SWEET POTATO ,고구마,4-10-28,11425,91425
1426,,YELLOW SWEET POTATO,옐로우고구마,, SWEET POTATO ,고구마,4-10-28,11426,91426
1427,,KOREAN SWEET POTATO,한국고구마,, SWEET POTATO ,고구마,4-10-28,11427,91427
1428,,JAPANESE SWEET POTATO,일본고구마,, SWEET POTATO ,고구마,4-10-28,11428,91428
1429,,WHITE SWEET POTATO,화이트고구마,, SWEET POTATO ,고구마,4-10-28,11429,91429
1430,,RED SWEET POTATO,레드고구마,, SWEET POTATO ,고구마,4-10-28,11430,91430
1431,,PURPLE SWEET POTATO,퍼플고구마,, SWEET POTATO ,고구마,4-10-28,11431,91431
1432,,PUMPKIN SWEET POTATO,호박고구마,, SWEET POTATO ,고구마,4-10-28,11432,91432
1433,,RESERVE(SWEET POTATO),RESERVE(SWEET POTATO),, SWEET POTATO ,고구마,4-10-28,11433,91433
1434,,RESERVE(SWEET POTATO),RESERVE(SWEET POTATO),, SWEET POTATO ,고구마,4-10-28,11434,91434
1435,,RESERVE(SWEET POTATO),RESERVE(SWEET POTATO),, SWEET POTATO ,고구마,4-10-28,11435,91435
1436,,RESERVE(SWEET POTATO),RESERVE(SWEET POTATO),, SWEET POTATO ,고구마,4-10-28,11436,91436
1437,,RESERVE(SWEET POTATO),RESERVE(SWEET POTATO),, SWEET POTATO ,고구마,4-10-28,11437,91437
1438,,RESERVE(SWEET POTATO),RESERVE(SWEET POTATO),, SWEET POTATO ,고구마,4-10-28,11438,91438
1439,,RESERVE(SWEET POTATO),RESERVE(SWEET POTATO),, SWEET POTATO ,고구마,4-10-28,11439,91439
1440,,YAM,얌,, YAM ,얌,4-10-29,11440,91440
1441,,WHITE YAM,하이트얌,, YAM ,얌,4-10-29,11441,91441
1442,,RED YAM,레드얌,, YAM ,얌,4-10-29,11442,91442
1443,,PURPLE YAM,퍼플얌,, YAM ,얌,4-10-29,11443,91443
1444,,RESERVE(YAM),RESERVE(YAM),, YAM ,얌,4-10-29,11444,91444
1445,,NAGAIMO,나가이모,, NAGAIMO ,마,4-10-30,11445,91445
1446,,WHITE NAGAIMO,화이트나가이모,, NAGAIMO ,마,4-10-30,11446,91446
1447,,CHINESE NAGAIMO,중국나가이모,, NAGAIMO ,마,4-10-30,11447,91447
1448,,RESERVE(NAGAIMO),RESERVE(NAGAIMO),, NAGAIMO ,마,4-10-30,11448,91448
1449,,RESERVE(NAGAIMO),RESERVE(NAGAIMO),, NAGAIMO ,마,4-10-30,11449,91449
1450,,CARROT,당근,, CARROT ,당근,4-10-31,11450,91450
1451,,CARROT,당근,, CARROT ,당근,4-10-31,11451,91451
1452,,JUMBO CARROT,점보당근,, CARROT ,당근,4-10-31,11452,91452
1453,,WHITE CARROT,화이트당근,, CARROT ,당근,4-10-31,11453,91453
1454,,YELLOW CARROT,옐로우당근,, CARROT ,당근,4-10-31,11454,91454
1455,,BUNCH CARROT,당근묶음,, CARROT ,당근,4-10-31,11455,91455
1456,,MIXED BUNCH CARROT,당근묶음(믹스),, CARROT ,당근,4-10-31,11456,91456
1457,,RESERVE(CARROT),RESERVE(CARROT),, CARROT ,당근,4-10-31,11457,91457
1458,,RESERVE(CARROT),RESERVE(CARROT),, CARROT ,당근,4-10-31,11458,91458
1459,,RESERVE(CARROT),RESERVE(CARROT),, CARROT ,당근,4-10-31,11459,91459
1460,,GOBO,우엉,, GOBO ,우엉,4-10-32,11460,91460
1461,,KOREAN GOBO,한국우엉,, GOBO ,우엉,4-10-32,11461,91461
1462,,TAIWAN GOBO,대만우엉,, GOBO ,우엉,4-10-32,11462,91462
1463,,RESERVE(GOBO),RESERVE(GOBO),, GOBO ,우엉,4-10-32,11463,91463
1464,,RESERVE(GOBO),RESERVE(GOBO),, GOBO ,우엉,4-10-32,11464,91464
1465,,RADISH,무우,, RADISH ,무우,4-10-33,11465,91465
1466,,GREEN RADISH,그린무우,, RADISH ,무우,4-10-33,11466,91466
1467,,KOREAN RADISH,한국무우(LA),, RADISH ,무우,4-10-33,11467,91467
1468,,JEJU RADISH,제주무우,, RADISH ,무우,4-10-33,11468,91468
1469,,LOBOK RADISH,로복무우,, RADISH ,무우,4-10-33,11469,91469
1470,,RED LOBOK RADISH,레드로복무우,, RADISH ,무우,4-10-33,11470,91470
1471,,PURPLE LOBOK RADISH,퍼플로복무우,, RADISH ,무우,4-10-33,11471,91471
1472,,GREEN LOBOK RASIDH,그린로복무우,, RADISH ,무우,4-10-33,11472,91472
1473,,CELLO RED RADISH,레드셀로무우,, RADISH ,무우,4-10-33,11473,91473
1474,,CELLO RED RADISH(BUNCH),레드셀로무우묶음,, RADISH ,무우,4-10-33,11474,91474
1475,,HORSE RADISH,홀스무우,, RADISH ,무우,4-10-33,11475,91475
1476,,EASTER EGG RADISH,이스터에그무우,, RADISH ,무우,4-10-33,11476,91476
1477,,BLACK RADISH,블랙무우,, RADISH ,무우,4-10-33,11477,91477
1478,,WATERMELON RADISH,수박무우,, RADISH ,무우,4-10-33,11478,91478
1479,,RADISH WITH LEAVES,동치미무우, LA , RADISH ,무우,4-10-33,11479,91479
1480,,BABY RADISH,열무, LA , RADISH ,무우,4-10-33,11480,91480
1481,,YOUNG RADISH,총각무, LA , RADISH ,무우,4-10-33,11481,91481
1482,,DAIKON RADISH,다이콘무우,, RADISH ,무우,4-10-33,11482,91482
1483,,RESERVE(RADISH),RESERVE(RADISH),, RADISH ,무우,4-10-33,11483,91483
1484,,RESERVE(RADISH),RESERVE(RADISH),, RADISH ,무우,4-10-33,11484,91484
1485,,BEET,비트,, BEET ,비트,4-10-34,11485,91485
1486,,RED BEET,레드비트,, BEET ,비트,4-10-34,11486,91486
1487,,GOLD BEET,골드비트,, BEET ,비트,4-10-34,11487,91487
1488,,RED BEET BUNCH,레드비트묶음,, BEET ,비트,4-10-34,11488,91488
1489,,RESERVE(BEET),RESERVE(BEET),, BEET ,비트,4-10-34,11489,91489
1490,,KOHLRABI,콜라비,, KOHLRABI ,콜라비,4-10-35,11490,91490
1491,,GREEN KOHLRABI,그린콜라비,, KOHLRABI ,콜라비,4-10-35,11491,91491
1492,,GREEN KOHLRABI(BUNCH),콜라비묶음,, KOHLRABI ,콜라비,4-10-35,11492,91492
1493,,RED KOHLRABI,레드콜라비,, KOHLRABI ,콜라비,4-10-35,11493,91493
1494,,RED KOHLRABI(BUNCH),레드콜라비묶음,, KOHLRABI ,콜라비,4-10-35,11494,91494
1495,,PURPLE KOHLRABI,퍼플콜라비,, KOHLRABI ,콜라비,4-10-35,11495,91495
1496,,RESERVE(KOHLRABI),RESERVE(KOHLRABI),, KOHLRABI ,콜라비,4-10-35,11496,91496
1497,,RESERVE(KOHLRABI),RESERVE(KOHLRABI),, KOHLRABI ,콜라비,4-10-35,11497,91497
1498,,RESERVE(KOHLRABI),RESERVE(KOHLRABI),, KOHLRABI ,콜라비,4-10-35,11498,91498
1499,,RESERVE(KOHLRABI),RESERVE(KOHLRABI),, KOHLRABI ,콜라비,4-10-35,11499,91499
1500,,TURNIP,순무,, TURNIP ,순무,4-10-36,11500,91500
1501,,GREEN TURNIP,그린순무,, TURNIP ,순무,4-10-36,11501,91501
1502,,GREEN TURNIP(BUNCH),그린순무묶음,, TURNIP ,순무,4-10-36,11502,91502
1503,,WHITE TURNIP,화이트순무,, TURNIP ,순무,4-10-36,11503,91503
1504,,YELLOW TURNIP,옐로우순무,, TURNIP ,순무,4-10-36,11504,91504
1505,,RED TURNIP,레드순무,, TURNIP ,순무,4-10-36,11505,91505
1506,,WAX TURNIP,왁스순무,, TURNIP ,순무,4-10-36,11506,91506
1507,,RESERVE(TURNIP),RESERVE(TURNIP),, TURNIP ,순무,4-10-36,11507,91507
1508,,RESERVE(TURNIP),RESERVE(TURNIP),, TURNIP ,순무,4-10-36,11508,91508
1509,,RESERVE(TURNIP),RESERVE(TURNIP),, TURNIP ,순무,4-10-36,11509,91509
1510,,ROOT,뿌리채소,, ROOT VEGETABLE ,뿌리채소,4-10-37,11510,91510
1511,,LOTUS ROOT,연근,, ROOT VEGETABLE ,뿌리채소,4-10-37,11511,91511
1512,,PARSNIP ROOT,파스닙뿌리,, ROOT VEGETABLE ,뿌리채소,4-10-37,11512,91512
1513,,GINSENG ROOT,인삼뿌리,, ROOT VEGETABLE ,뿌리채소,4-10-37,11513,91513
1514,,ASPARAGUS ROOT,아스파라거스뿌리,, ROOT VEGETABLE ,뿌리채소,4-10-37,11514,91514
1515,,SHEPHERD'S PURSE ROOT,냉이뿌리,, ROOT VEGETABLE ,뿌리채소,4-10-37,11515,91515
1516,,GINSENG,인삼,, ROOT VEGETABLE ,뿌리채소,4-10-37,11516,91516
1517,,BELLFLOWER ROOT,도라지,, ROOT VEGETABLE ,뿌리채소,4-10-37,11517,91517
1518,,ARROW ROOT ROOT,칡,, ROOT VEGETABLE ,뿌리채소,4-10-37,11518,91518
1519,,CODONOPSIS LANCEOLATA ROOT,더덕,, ROOT VEGETABLE ,뿌리채소,4-10-37,11519,91519
1520,,SMALL TARO,작은토란,, ROOT VEGETABLE ,뿌리채소,4-10-37,11520,91520
1521,,TARO,토란,, ROOT VEGETABLE ,뿌리채소,4-10-37,11521,91521
1522,,PEELED TARO,깐토란,, ROOT VEGETABLE ,뿌리채소,4-10-37,11522,91522
1523,,MALANGA,말랑가뿌리,, ROOT VEGETABLE ,뿌리채소,4-10-37,11523,91523
1524,,YAMPI ROOT,양피뿌리,, ROOT VEGETABLE ,뿌리채소,4-10-37,11524,91524
1525,,NAME ROOT,얌뿌리,, ROOT VEGETABLE ,뿌리채소,4-10-37,11525,91525
1526,,RESERVE(ROOT VEGETABLE),RESERVE(ROOT VEGETABLE),, ROOT VEGETABLE ,뿌리채소,4-10-37,11526,91526
1527,,RESERVE(ROOT VEGETABLE),RESERVE(ROOT VEGETABLE),, ROOT VEGETABLE ,뿌리채소,4-10-37,11527,91527
1528,,RESERVE(ROOT VEGETABLE),RESERVE(ROOT VEGETABLE),, ROOT VEGETABLE ,뿌리채소,4-10-37,11528,91528
1529,,RESERVE(ROOT VEGETABLE),RESERVE(ROOT VEGETABLE),, ROOT VEGETABLE ,뿌리채소,4-10-37,11529,91529
1530,,RESERVE(ROOT VEGETABLE),RESERVE(ROOT VEGETABLE),, ROOT VEGETABLE ,뿌리채소,4-10-37,11530,91530
1531,,RESERVE(ROOT VEGETABLE),RESERVE(ROOT VEGETABLE),, ROOT VEGETABLE ,뿌리채소,4-10-37,11531,91531
1532,,RESERVE(ROOT VEGETABLE),RESERVE(ROOT VEGETABLE),, ROOT VEGETABLE ,뿌리채소,4-10-37,11532,91532
1533,,RESERVE(ROOT VEGETABLE),RESERVE(ROOT VEGETABLE),, ROOT VEGETABLE ,뿌리채소,4-10-37,11533,91533
1534,,RESERVE(ROOT VEGETABLE),RESERVE(ROOT VEGETABLE),, ROOT VEGETABLE ,뿌리채소,4-10-37,11534,91534
1535,,RESERVE(ROOT VEGETABLE),RESERVE(ROOT VEGETABLE),, ROOT VEGETABLE ,뿌리채소,4-10-37,11535,91535
1536,,RESERVE(ROOT VEGETABLE),RESERVE(ROOT VEGETABLE),, ROOT VEGETABLE ,뿌리채소,4-10-37,11536,91536
1537,,RESERVE(ROOT VEGETABLE),RESERVE(ROOT VEGETABLE),, ROOT VEGETABLE ,뿌리채소,4-10-37,11537,91537
1538,,RESERVE(ROOT VEGETABLE),RESERVE(ROOT VEGETABLE),, ROOT VEGETABLE ,뿌리채소,4-10-37,11538,91538
1539,,RESERVE(ROOT VEGETABLE),RESERVE(ROOT VEGETABLE),, ROOT VEGETABLE ,뿌리채소,4-10-37,11539,91539
1540,,RESERVE(ROOT VEGETABLE),RESERVE(ROOT VEGETABLE),, ROOT VEGETABLE ,뿌리채소,4-10-37,11540,91540
1541,,RESERVE(ROOT VEGETABLE),RESERVE(ROOT VEGETABLE),, ROOT VEGETABLE ,뿌리채소,4-10-37,11541,91541
1542,,RESERVE(ROOT VEGETABLE),RESERVE(ROOT VEGETABLE),, ROOT VEGETABLE ,뿌리채소,4-10-37,11542,91542
1543,,RESERVE(ROOT VEGETABLE),RESERVE(ROOT VEGETABLE),, ROOT VEGETABLE ,뿌리채소,4-10-37,11543,91543
1544,,RESERVE(ROOT VEGETABLE),RESERVE(ROOT VEGETABLE),, ROOT VEGETABLE ,뿌리채소,4-10-37,11544,91544
1545,,RESERVE(ROOT VEGETABLE),RESERVE(ROOT VEGETABLE),, ROOT VEGETABLE ,뿌리채소,4-10-37,11545,91545
1546,,RESERVE(ROOT VEGETABLE),RESERVE(ROOT VEGETABLE),, ROOT VEGETABLE ,뿌리채소,4-10-37,11546,91546
1547,,RESERVE(ROOT VEGETABLE),RESERVE(ROOT VEGETABLE),, ROOT VEGETABLE ,뿌리채소,4-10-37,11547,91547
1548,,RESERVE(ROOT VEGETABLE),RESERVE(ROOT VEGETABLE),, ROOT VEGETABLE ,뿌리채소,4-10-37,11548,91548
1549,,RESERVE(ROOT VEGETABLE),RESERVE(ROOT VEGETABLE),, ROOT VEGETABLE ,뿌리채소,4-10-37,11549,91549
1550,,ETC,ETC,, ETC ,기타,4-10-38,X,X
1551,,ETC,ETC,, ETC ,기타,4-10-38,X,X
1552,,ETC,ETC,, ETC ,기타,4-10-38,X,X
1553,,ETC,ETC,, ETC ,기타,4-10-38,X,X
1554,,ETC,ETC,, ETC ,기타,4-10-38,X,X
1555,,ETC,ETC,, ETC ,기타,4-10-38,X,X
1556,,ETC,ETC,, ETC ,기타,4-10-38,X,X
1557,,ETC,ETC,, ETC ,기타,4-10-38,X,X
1558,,ETC,ETC,, ETC ,기타,4-10-38,X,X
1559,,ETC,ETC,, ETC ,기타,4-10-38,X,X
1560,,ETC,ETC,, ETC ,기타,4-10-38,X,X
1561,,ETC,ETC,, ETC ,기타,4-10-38,X,X
1562,,ETC,ETC,, ETC ,기타,4-10-38,X,X
1563,,ETC,ETC,, ETC ,기타,4-10-38,X,X
1564,,ETC,ETC,, ETC ,기타,4-10-38,X,X
1565,,EGGPLANT,가지,, EGGPLANT ,가지,4-10-39,11565,91565
1566,,AMERICAN EGGPLANT,미국가지,, EGGPLANT ,가지,4-10-39,11566,91566
1567,,JAPANESE EGGPLANT,일본가지,, EGGPLANT ,가지,4-10-39,11567,91567
1568,,CHINESE EGGPLANT,중국가지,, EGGPLANT ,가지,4-10-39,11568,91568
1569,,THAI GREEN EGGPLANT,태국그린가지,, EGGPLANT ,가지,4-10-39,11569,91569
1570,,THAI WHITE EGGPLANT,태국흰가지,, EGGPLANT ,가지,4-10-39,11570,91570
1571,,PHILIPHINE EGGPLANT,필리핀가지,, EGGPLANT ,가지,4-10-39,11571,91571
1572,,ITALIAN EGGPLANT,이탈리안가지,, EGGPLANT ,가지,4-10-39,11572,91572
1573,,PURPLE EGGPLANT,퍼플가지,, EGGPLANT ,가지,4-10-39,11573,91573
1574,,GREEN EGGPLANT,그린가지,, EGGPLANT ,가지,4-10-39,11574,91574
1575,,WHITE EGGPLANT,화이트가지,, EGGPLANT ,가지,4-10-39,11575,91575
1576,,INDIAN EGGPLANT,인디안가지,, EGGPLANT ,가지,4-10-39,11576,91576
1577,,GRAFFITI EGGPLANT,그래피티가지,, EGGPLANT ,가지,4-10-39,11577,91577
1578,,FINGER EGGPLANT,손가락가지,, EGGPLANT ,가지,4-10-39,11578,91578
1579,,LONG GREEN EGGPLANT,그린긴가지,, EGGPLANT ,가지,4-10-39,11579,91579
1580,,ZEBRA EGGPLANT,얼룩가지,, EGGPLANT ,가지,4-10-39,11580,91580
1581,,RESERVE(EGGPLANT),RESERVE(EGGPLANT),, EGGPLANT ,가지,4-10-39,11581,91581
1582,,RESERVE(EGGPLANT),RESERVE(EGGPLANT),, EGGPLANT ,가지,4-10-39,11582,91582
1583,,RESERVE(EGGPLANT),RESERVE(EGGPLANT),, EGGPLANT ,가지,4-10-39,11583,91583
1584,,RESERVE(EGGPLANT),RESERVE(EGGPLANT),, EGGPLANT ,가지,4-10-39,11584,91584
1585,,CUCUMBER,오이,, CUCUMBER ,오이,4-10-40,11585,91585
1586,,AMERICAN CUCUMBER,미국오이,, CUCUMBER ,오이,4-10-40,11586,91586
1587,,KOREAN CUCUMBER,한국오이,, CUCUMBER ,오이,4-10-40,11587,91587
1588,,JAPANESE CUCUMBER,일본오이,, CUCUMBER ,오이,4-10-40,11588,91588
1589,,ENGLISH CUCUMBER,잉글리시오이,, CUCUMBER ,오이,4-10-40,11589,91589
1590,,INDIAN CUCUMBER,인디안오이,, CUCUMBER ,오이,4-10-40,11590,91590
1591,,PICKLE CUCUMBER,피클오이,, CUCUMBER ,오이,4-10-40,11591,91591
1592,,HOUSE CUCUMBER,하우스오이,, CUCUMBER ,오이,4-10-40,11592,91592
1593,,NOGAK CUCUMBER,노각,, CUCUMBER ,오이,4-10-40,11593,91593
1594,,DOSAKAI CUCUMBER,도사카이오이,, CUCUMBER ,오이,4-10-40,11594,91594
1595,,SNAKE GOURD CUCUMBER,고야드오이,, CUCUMBER ,오이,4-10-40,11595,91595
1596,,PATORA MOUP CUCUMBER,파트라모압오이,, CUCUMBER ,오이,4-10-40,11596,91596
1597,,MINI CUCUMBER,미니오이,, CUCUMBER ,오이,4-10-40,11597,91597
1598,,PERSIAN CUCUMBER,페르시안오이,, CUCUMBER ,오이,4-10-40,11598,91598
1599,,PERSIAN CUCUMBER / 1LB,페르시안오이(1LB),, CUCUMBER ,오이,4-10-40,11599,91599
1600,,PERSIAN CUCUMBER / 2LB,페르시안오이(2LB),, CUCUMBER ,오이,4-10-40,11600,91600
1601,,RESERVE(CUCUMBER),RESERVE(CUCUMBER),, CUCUMBER ,오이,4-10-40,11601,91601
1602,,RESERVE(CUCUMBER),RESERVE(CUCUMBER),, CUCUMBER ,오이,4-10-40,11602,91602
1603,,RESERVE(CUCUMBER),RESERVE(CUCUMBER),, CUCUMBER ,오이,4-10-40,11603,91603
1604,,RESERVE(CUCUMBER),RESERVE(CUCUMBER),, CUCUMBER ,오이,4-10-40,11604,91604
1605,,TOMATO,토마토,, TOMATO ,토마토,4-10-41,11605,91605
1606,,ROMA TOMATO,로마토마토,, TOMATO ,토마토,4-10-41,11606,91606
1607,,BEEFSTEAK TOMATO,비프스테이크토마토,, TOMATO ,토마토,4-10-41,11607,91607
1608,,VINE TOMATO,줄기토마토,, TOMATO ,토마토,4-10-41,11608,91608
1609,,CLUSTER TOMATO,글러스터토마토,, TOMATO ,토마토,4-10-41,11609,91609
1610,,KUMATO TOMATO,쿠마토토마토,, TOMATO ,토마토,4-10-41,11610,91610
1611,,MINI KUMATO TOMATO,미니쿠마토토마토,, TOMATO ,토마토,4-10-41,11611,91611
1612,,PEAR TOMATO,배토마토,, TOMATO ,토마토,4-10-41,11612,91612
1613,,PLUM TOMATO,자두토마토,, TOMATO ,토마토,4-10-41,11613,91613
1614,,TOMATILLO TOMATO,토마틸로,, TOMATO ,토마토,4-10-41,11614,91614
1615,,HEIRLOOM TOMATO,헤일룸토마토,, TOMATO ,토마토,4-10-41,11615,91615
1616,,CHERRY TOMATO,방울토마토,, TOMATO ,토마토,4-10-41,11616,91616
1617,,CAMPARI TOMATO,캄파리토마토,, TOMATO ,토마토,4-10-41,11617,91617
1618,,HOT HOUSE STEM TOMATO,하우스줄기토마토,, TOMATO ,토마토,4-10-41,11618,91618
1619,,HOLLAND TOMATO,홀란드토마토,, TOMATO ,토마토,4-10-41,11619,91619
1620,,CHEROKEE PURPLE TOMATO,체로키퍼플토마토,, TOMATO ,토마토,4-10-41,11620,91620
1621,,ORANGE TOMATO,오렌지토마토,, TOMATO ,토마토,4-10-41,11621,91621
1622,,ORANGE STEM TOMATO,오렌지줄기토마토,, TOMATO ,토마토,4-10-41,11622,91622
1623,,RED CHERRY TOMATO,레드방울토마토,, TOMATO ,토마토,4-10-41,11623,91623
1624,,RED GRAPE TOMATO,레드포도토마토,, TOMATO ,토마토,4-10-41,11624,91624
1625,,YELLOW TOMATO,옐로우토마토,, TOMATO ,토마토,4-10-41,11625,91625
1626,,YELLOW CHERRY TOMATO,옐로우방울토마토,, TOMATO ,토마토,4-10-41,11626,91626
1627,,YELLOW GRAPE TOMATO,옐로우포도토마토,, TOMATO ,토마토,4-10-41,11627,91627
1628,,TREE TOMATO,트리토마토,, TOMATO ,토마토,4-10-41,11628,91628
1629,,RESERVE(TOMATO),RESERVE(TOMATO),, TOMATO ,토마토,4-10-41,11629,91629
1630,,RESERVE(TOMATO),RESERVE(TOMATO),, TOMATO ,토마토,4-10-41,11630,91630
1631,,RESERVE(TOMATO),RESERVE(TOMATO),, TOMATO ,토마토,4-10-41,11631,91631
1632,,RESERVE(TOMATO),RESERVE(TOMATO),, TOMATO ,토마토,4-10-41,11632,91632
1633,,RESERVE(TOMATO),RESERVE(TOMATO),, TOMATO ,토마토,4-10-41,11633,91633
1634,,RESERVE(TOMATO),RESERVE(TOMATO),, TOMATO ,토마토,4-10-41,11634,91634
1635,,SQUASH,호박,, SQUASH ,호박,4-10-42,11635,91635
1636,,GREEN SQUASH,그린호박,, SQUASH ,호박,4-10-42,11636,91636
1637,,KOREAN SQUASH,애호박,, SQUASH ,호박,4-10-42,11637,91637
1638,,KOREAN BABY SQUASH,작은애호박,, SQUASH ,호박,4-10-42,11638,91638
1639,,CHINESE SQUASH,중국호박,, SQUASH ,호박,4-10-42,11639,91639
1640,,ITALIAN(ZUCCHINI) SQUASH,이탈리안호박(주키니),, SQUASH ,호박,4-10-42,11640,91640
1641,,MOAP SQUASH,모압호박,, SQUASH ,호박,4-10-42,11641,91641
1642,,GREY SQUASH,그레이호박,, SQUASH ,호박,4-10-42,11642,91642
1643,,YELLOW COURGETTE SQUASH,옐로우주키니호박,, SQUASH ,호박,4-10-42,11643,91643
1644,,YELLOW SQUASH,옐로우호박,, SQUASH ,호박,4-10-42,11644,91644
1645,,KABOCHA SQUASH,단호박,, SQUASH ,호박,4-10-42,11645,91645
1646,,FUZZY SQUASH,모시호박,, SQUASH ,호박,4-10-42,11646,91646
1647,,SPAGHETTI SQUASH,스파게티호박,, SQUASH ,호박,4-10-42,11647,91647
1648,,BUTTERNUT SQUASH,버터넛호박,, SQUASH ,호박,4-10-42,11648,91648
1649,,WINTERMELON SQUASH,동아호박,, SQUASH ,호박,4-10-42,11649,91649
1650,,SINGKWA SQUASH,싱카와호박,, SQUASH ,호박,4-10-42,11650,91650
1651,,CASTILLA SQUASH,카스티야호박,, SQUASH ,호박,4-10-42,11651,91651
1652,,DELICATA SQUASH,델리카타호박,, SQUASH ,호박,4-10-42,11652,91652
1653,,BENGALI SQUASH,벵갈리호박,, SQUASH ,호박,4-10-42,11653,91653
1654,,ROUND SQUASH,둥근호박, USA , SQUASH ,호박,4-10-42,11654,91654
1655,,ACORN SQUASH,도토리호박,, SQUASH ,호박,4-10-42,11655,91655
1656,,SCALLOPE SQUASH,접시호박,, SQUASH ,호박,4-10-42,11656,91656
1657,,BANANA SQUASH,바나나호박,, SQUASH ,호박,4-10-42,11657,91657
1658,,TINDAS SQUASH,틴다스호박,, SQUASH ,호박,4-10-42,11658,91658
1659,,OPO SQUASH,오포호박,, SQUASH ,호박,4-10-42,11659,91659
1660,,INDIAN OPO SQUASH,인디안오포호박,, SQUASH ,호박,4-10-42,11660,91660
1661,,ROUND OPO SQUASH,라운드오포호박,, SQUASH ,호박,4-10-42,11661,91661
1662,,TINDORA SQUASH,틴도라호박,, SQUASH ,호박,4-10-42,11662,91662
1663,,PUMPKIN(CALABAZA),칼라바사호박,, SQUASH ,호박,4-10-42,11663,91663
1664,,HALLOWEEN PUMPKIN,할로윈호박,, SQUASH ,호박,4-10-42,11664,91664
1665,,RESERVE(SQUASH),RESERVE(SQUASH),, SQUASH ,호박,4-10-42,11665,91665
1666,,RESERVE(SQUASH),RESERVE(SQUASH),, SQUASH ,호박,4-10-42,11666,91666
1667,,RESERVE(SQUASH),RESERVE(SQUASH),, SQUASH ,호박,4-10-42,11667,91667
1668,,RESERVE(SQUASH),RESERVE(SQUASH),, SQUASH ,호박,4-10-42,11668,91668
1669,,RESERVE(SQUASH),RESERVE(SQUASH),, SQUASH ,호박,4-10-42,11669,91669
1670,,RESERVE(SQUASH),RESERVE(SQUASH),, SQUASH ,호박,4-10-42,11670,91670
1671,,RESERVE(SQUASH),RESERVE(SQUASH),, SQUASH ,호박,4-10-42,11671,91671
1672,,RESERVE(SQUASH),RESERVE(SQUASH),, SQUASH ,호박,4-10-42,11672,91672
1673,,RESERVE(SQUASH),RESERVE(SQUASH),, SQUASH ,호박,4-10-42,11673,91673
1674,,RESERVE(SQUASH),RESERVE(SQUASH),, SQUASH ,호박,4-10-42,11674,91674
1675,,KOREAN PEPPER,한국고추,, KOREAN PEPPER ,한국고추,4-10-43,11675,91675
1676,,KOREAN GREEN PEPPER,한국그린고추,, KOREAN PEPPER ,한국고추,4-10-43,11676,91676
1677,,KOREAN RED PEPPER,한국레드고추,, KOREAN PEPPER ,한국고추,4-10-43,11677,91677
1678,,KOREAN HOT PEPPER,한국매운고추,, KOREAN PEPPER ,한국고추,4-10-43,11678,91678
1679,,KOREAN CUCUMBER PEPPER,한국오이고추,, KOREAN PEPPER ,한국고추,4-10-43,11679,91679
1680,,KOREAN SHISHITO PEPPER,한국시시토페퍼,, KOREAN PEPPER ,한국고추,4-10-43,11680,91680
1681,,RESERVE(KOREAN PEPPER),RESERVE(KOREAN PEPPER),, KOREAN PEPPER ,한국고추,4-10-43,11681,91681
1682,,RESERVE(KOREAN PEPPER),RESERVE(KOREAN PEPPER),, KOREAN PEPPER ,한국고추,4-10-43,11682,91682
1683,,RESERVE(KOREAN PEPPER),RESERVE(KOREAN PEPPER),, KOREAN PEPPER ,한국고추,4-10-43,11683,91683
1684,,RESERVE(KOREAN PEPPER),RESERVE(KOREAN PEPPER),, KOREAN PEPPER ,한국고추,4-10-43,11684,91684
1685,,JALAPENO,할라피뇨,, JALAPENO ,할라피뇨,4-10-44,11685,91685
1686,,GREEN JALAPENO,그린할라피뇨,, JALAPENO ,할라피뇨,4-10-44,11686,91686
1687,,RED JALAPENO,레드할라피뇨,, JALAPENO ,할라피뇨,4-10-44,11687,91687
1688,,RESERVE(JALAPENO),RESERVE(JALAPENO),, JALAPENO ,할라피뇨,4-10-44,11688,91688
1689,,RESERVE(JALAPENO),RESERVE(JALAPENO),, JALAPENO ,할라피뇨,4-10-44,11689,91689
1690,,HABANERO,하바네로,, HABANERO ,하바네로,4-10-45,11690,91690
1691,,GREEN HABANERO,그린하바네로,, HABANERO ,하바네로,4-10-45,11691,91691
1692,,YELLOW HABANERO,옐로우하바네로,, HABANERO ,하바네로,4-10-45,11692,91692
1693,,RED HABANERO,레드하바네로,, HABANERO ,하바네로,4-10-45,11693,91693
1694,,ORANGE HABANERO,오렌지하바네로,, HABANERO ,하바네로,4-10-45,11694,91694
1695,,CHOCOLATE HABANERO,초코렛하바네로,, HABANERO ,하바네로,4-10-45,11695,91695
1696,,RESERVE(HABANERO),RESERVE(HABANERO),, HABANERO ,하바네로,4-10-45,11696,91696
1697,,RESERVE(HABANERO),RESERVE(HABANERO),, HABANERO ,하바네로,4-10-45,11697,91697
1698,,RESERVE(HABANERO),RESERVE(HABANERO),, HABANERO ,하바네로,4-10-45,11698,91698
1699,,RESERVE(HABANERO),RESERVE(HABANERO),, HABANERO ,하바네로,4-10-45,11699,91699
1700,,BELLPEPPER,피망,, BELLPEPPER ,피망,4-10-46,11700,91700
1701,,GREEN BELLPEPPER,그린피망,, BELLPEPPER ,피망,4-10-46,11701,91701
1702,,RED BELLPEPPER,레드피망,, BELLPEPPER ,피망,4-10-46,11702,91702
1703,,ORANGE BELLPEPPER,오렌지피망,, BELLPEPPER ,피망,4-10-46,11703,91703
1704,,YELLOW BELLPEPPER,옐로우피망,, BELLPEPPER ,피망,4-10-46,11704,91704
1705,,STRIPED BELLPEPPER,줄무늬피망,, BELLPEPPER ,피망,4-10-46,11705,91705
1706,,ALOHA BELLPEPPER,알로하피망,, BELLPEPPER ,피망,4-10-46,11706,91706
1707,,RESERVE(BELLPEPPER),RESERVE(BELLPEPPER),, BELLPEPPER ,피망,4-10-46,11707,91707
1708,,RESERVE(BELLPEPPER),RESERVE(BELLPEPPER),, BELLPEPPER ,피망,4-10-46,11708,91708
1709,,RESERVE(BELLPEPPER),RESERVE(BELLPEPPER),, BELLPEPPER ,피망,4-10-46,11709,91709
1710,,PEPPER,고추,, PEPPER ,고추,4-10-47,11710,91710
1711,,FRESNO GREEN PEPPER,프레스노그린고추,, PEPPER ,고추,4-10-47,11711,91711
1712,,FRESNO RED PEPPER,프레스노레드고추,, PEPPER ,고추,4-10-47,11712,91712
1713,,BANANA WAX PEPPER,바나나왁스고추,, PEPPER ,고추,4-10-47,11713,91713
1714,,ANAHEIM PEPPER,애너하임고추,, PEPPER ,고추,4-10-47,11714,91714
1715,,SERRANO GREEN PEPPER,세라노그린고추,, PEPPER ,고추,4-10-47,11715,91715
1716,,SERRANO RED PEPPER,세라노레드고추,, PEPPER ,고추,4-10-47,11716,91716
1717,,THAI GREEN PEPPER,태국그린고추,, PEPPER ,고추,4-10-47,11717,91717
1718,,THAI RED PEPPER,태국레드고추,, PEPPER ,고추,4-10-47,11718,91718
1719,,THAI MIX PEPPER,태국믹스고추,, PEPPER ,고추,4-10-47,11719,91719
1720,,PASILLA PEPPER,파실라고추,, PEPPER ,고추,4-10-47,11720,91720
1721,,CAROLINA REAPER PEPPER,캐롤라이나리퍼고추,, PEPPER ,고추,4-10-47,11721,91721
1722,,SHISHITO PEPPER,시시토고추(꽈리고추),, PEPPER ,고추,4-10-47,11722,91722
1723,,PADRON PEPPER,파드론고추,, PEPPER ,고추,4-10-47,11723,91723
1724,,RED HOT HOUSE PEPPER,레드하우스고추,, PEPPER ,고추,4-10-47,11724,91724
1725,,RED HOT PEPPER,레드고추,, PEPPER ,고추,4-10-47,11725,91725
1726,,LONG GREEN PEPPER,그린긴고추,, PEPPER ,고추,4-10-47,11726,91726
1727,,LONG GREEN HOT PEPPER,그린긴매운고추,, PEPPER ,고추,4-10-47,11727,91727
1728,,CAYENNE GREEN PEPPER,카이엔그린고추,, PEPPER ,고추,4-10-47,11728,91728
1729,,CAYENNE RED PEPPER,카이엔레드고추,, PEPPER ,고추,4-10-47,11729,91729
1730,,CAYENNE YELLOW PEPPER,카이엔옐로우고추,, PEPPER ,고추,4-10-47,11730,91730
1731,,GREEN CARIBE PEPPER,카리브그린고추,, PEPPER ,고추,4-10-47,11731,91731
1732,,RED CARIBE PEPPER,카리브레드고추,, PEPPER ,고추,4-10-47,11732,91732
1733,,YELLOW CARIBE PEPPER,카리브옐로우고추,, PEPPER ,고추,4-10-47,11733,91733
1734,,MANZANO PEPPER,만자노고추,, PEPPER ,고추,4-10-47,11734,91734
1735,,CUBANELLE GREEN PEPPER,쿠바렐레그린고추,, PEPPER ,고추,4-10-47,11735,91735
1736,,CUBANELLE RED PEPPER,쿠바렐레레드고추,, PEPPER ,고추,4-10-47,11736,91736
1737,,CUBANELLE YELLOW PEPPER,쿠바렐레옐로우고추,, PEPPER ,고추,4-10-47,11737,91737
1738,,DANGJO PEPPER,당조고추,, PEPPER ,고추,4-10-47,11738,91738
1739,,DE ARBOL GREEN PEPPER,데아르그린고추,, PEPPER ,고추,4-10-47,11739,91739
1740,,INDIAN CHILI PEPPER,인디안고추,, PEPPER ,고추,4-10-47,11740,91740
1741,,INDIAN CHILI ARBOL PEPPER,인디안아르볼고추,, PEPPER ,고추,4-10-47,11741,91741
1742,,HOLLAND RED PEPPER,홀랜드레드고추,, PEPPER ,고추,4-10-47,11742,91742
1743,,HOLLAND GREEN PEPPER,홀랜드그린고추,, PEPPER ,고추,4-10-47,11743,91743
1744,,HOLLAND YELLOW PEPPER,홀랜드옐로우고추,, PEPPER ,고추,4-10-47,11744,91744
1745,,VIETNAM GREEN PEPPER,베트남그린고추,, PEPPER ,고추,4-10-47,11745,91745
1746,,VIETNAM RED PEPPER,베트남레드고추,, PEPPER ,고추,4-10-47,11746,91746
1747,,RESERVE(PEPPER),RESERVE(PEPPER),, PEPPER ,고추,4-10-47,11747,91747
1748,,RESERVE(PEPPER),RESERVE(PEPPER),, PEPPER ,고추,4-10-47,11748,91748
1749,,RESERVE(PEPPER),RESERVE(PEPPER),, PEPPER ,고추,4-10-47,11749,91749
1750,,RESERVE(PEPPER),RESERVE(PEPPER),, PEPPER ,고추,4-10-47,11750,91750
1751,,RESERVE(PEPPER),RESERVE(PEPPER),, PEPPER ,고추,4-10-47,11751,91751
1752,,RESERVE(PEPPER),RESERVE(PEPPER),, PEPPER ,고추,4-10-47,11752,91752
1753,,RESERVE(PEPPER),RESERVE(PEPPER),, PEPPER ,고추,4-10-47,11753,91753
1754,,RESERVE(PEPPER),RESERVE(PEPPER),, PEPPER ,고추,4-10-47,11754,91754
1755,,CORN,옥수수,, CORN ,옥수수,4-10-48,11755,91755
1756,,SWEET CORN,스윗옥수수,, CORN ,옥수수,4-10-48,11756,91756
1757,,YELLOW CORN,옐로우옥수수,, CORN ,옥수수,4-10-48,11757,91757
1758,,RED CORN,레드옥수수,, CORN ,옥수수,4-10-48,11758,91758
1759,,RESERVE(CORN),RESERVE(CORN),, CORN ,옥수수,4-10-48,11759,91759
1760,,CHAYOTE,차요테,, CHAYOTE ,차요테,4-10-49,11760,91760
1761,,GREEN CHAYOTE,그린차요테,, CHAYOTE ,차요테,4-10-49,11761,91761
1762,,BLACK CHAYOTE,블랙차요테,, CHAYOTE ,차요테,4-10-49,11762,91762
1763,,RESERVE(CHAYOTE),RESERVE(CHAYOTE),, CHAYOTE ,차요테,4-10-49,11763,91763
1764,,RESERVE(CHAYOTE),RESERVE(CHAYOTE),, CHAYOTE ,차요테,4-10-49,11764,91764
1765,,OKRA,오크라,, OKRA ,오크라,4-10-50,11765,91765
1766,,GREEN OKRA,그린오크라,, OKRA ,오크라,4-10-50,11766,91766
1767,,CHINESE OKRA,중국오크라,, OKRA ,오크라,4-10-50,11767,91767
1768,,RESERVE(OKRA),RESERVE(OKRA),, OKRA ,오크라,4-10-50,11768,91768
1769,,RESERVE(OKRA),RESERVE(OKRA),, OKRA ,오크라,4-10-50,11769,91769
1770,,BITTERMELON,비터멜론,, BITTERMELON ,비터멜론,4-10-51,11770,91770
1771,,GREEN BITTERMELON,그린비터멜론,, BITTERMELON ,비터멜론,4-10-51,11771,91771
1772,,WHITE BITTERMELON,화이트비터멜론,, BITTERMELON ,비터멜론,4-10-51,11772,91772
1773,,INDIAN BITTERMELON,인디안비터멜론,, BITTERMELON ,비터멜론,4-10-51,11773,91773
1774,,RESERVE(BITTERMELON),RESERVE(BITTERMELON),, BITTERMELON ,비터멜론,4-10-51,11774,91774
1775,,OLIVE,올리브,, OLIVE ,올리브,4-10-52,11775,91775
1776,,GREEN OLIVE,그린올리브,, OLIVE ,올리브,4-10-52,11776,91776
1777,,BLACK OLIVE,블랙올리브,, OLIVE ,올리브,4-10-52,11777,91777
1778,,RESERVE(OLIVE),RESERVE(OLIVE),, OLIVE ,올리브,4-10-52,11778,91778
1779,,RESERVE(OLIVE),RESERVE(OLIVE),, OLIVE ,올리브,4-10-52,11779,91779
1780,,BEAN,콩,, BEAN ,콩,4-10-53,11780,91780
1781,,GREEN BEAN,그린콩,, BEAN ,콩,4-10-53,11781,91781
1782,,RED BEAN,레드콩,, BEAN ,콩,4-10-53,11782,91782
1783,,PURPLE BEAN,퍼플콩,, BEAN ,콩,4-10-53,11783,91783
1784,,GREEN LONG BEAN,긴그린콩,, BEAN ,콩,4-10-53,11784,91784
1785,,WHITE LONG BEAN,긴화이트콩,, BEAN ,콩,4-10-53,11785,91785
1786,,PURPLE LONG BEAN,긴보라콩,, BEAN ,콩,4-10-53,11786,91786
1787,,ROMANO BEAN,로마노콩,, BEAN ,콩,4-10-53,11787,91787
1788,,YELLOW BEAN,옐로우콩,, BEAN ,콩,4-10-53,11788,91788
1789,,BROAD BEAN,잠두콩,, BEAN ,콩,4-10-53,11789,91789
1790,,DRUMSTICK BEAN,드럼스틱콩,, BEAN ,콩,4-10-53,11790,91790
1791,,GARBANZO BEAN,병아리콩,, BEAN ,콩,4-10-53,11791,91791
1792,,LIMA BEAN,버터콩,, BEAN ,콩,4-10-53,11792,91792
1793,,FAVA BEAN,파마콩,, BEAN ,콩,4-10-53,11793,91793
1794,,GUAR BEAN,구아르콩,, BEAN ,콩,4-10-53,11794,91794
1795,,FRENCH BEAN,프렌치콩,, BEAN ,콩,4-10-53,11795,91795
1796,,PINTO BEAN,핀토콩,, BEAN ,콩,4-10-53,11796,91796
1797,,BLACK EYE BEAN,검은눈콩,, BEAN ,콩,4-10-53,11797,91797
1798,,RESERVE(BEAN),RESERVE(BEAN),, BEAN ,콩,4-10-53,11798,91798
1799,,RESERVE(BEAN),RESERVE(BEAN),, BEAN ,콩,4-10-53,11799,91799
1800,,RESERVE(BEAN),RESERVE(BEAN),, BEAN ,콩,4-10-53,11800,91800
1801,,RESERVE(BEAN),RESERVE(BEAN),, BEAN ,콩,4-10-53,11801,91801
1802,,RESERVE(BEAN),RESERVE(BEAN),, BEAN ,콩,4-10-53,11802,91802
1803,,RESERVE(BEAN),RESERVE(BEAN),, BEAN ,콩,4-10-53,11803,91803
1804,,RESERVE(BEAN),RESERVE(BEAN),, BEAN ,콩,4-10-53,11804,91804
1805,,PEA,완두콩,, PEA ,완두콩,4-10-54,11805,91805
1806,,GREEN PEA,그린완두콩,, PEA ,완두콩,4-10-54,11806,91806
1807,,SNOW PEA,스노우완두콩,, PEA ,완두콩,4-10-54,11807,91807
1808,,SNAP PEA,스냅완두콩,, PEA ,완두콩,4-10-54,11808,91808
1809,,RESERVE(PEA),RESERVE(PEA),, PEA ,완두콩,4-10-54,11809,91809
1810,,RESERVE(PEA),RESERVE(PEA),, PEA ,완두콩,4-10-54,11810,91810
1811,,RESERVE(PEA),RESERVE(PEA),, PEA ,완두콩,4-10-54,11811,91811
1812,,RESERVE(PEA),RESERVE(PEA),, PEA ,완두콩,4-10-54,11812,91812
1813,,RESERVE(PEA),RESERVE(PEA),, PEA ,완두콩,4-10-54,11813,91813
1814,,RESERVE(PEA),RESERVE(PEA),, PEA ,완두콩,4-10-54,11814,91814
1815,,RESERVE(PEA),RESERVE(PEA),, PEA ,완두콩,4-10-54,11815,91815
1816,,RESERVE(PEA),RESERVE(PEA),, PEA ,완두콩,4-10-54,11816,91816
1817,,RESERVE(PEA),RESERVE(PEA),, PEA ,완두콩,4-10-54,11817,91817
1818,,RESERVE(PEA),RESERVE(PEA),, PEA ,완두콩,4-10-54,11818,91818
1819,,RESERVE(PEA),RESERVE(PEA),, PEA ,완두콩,4-10-54,11819,91819
1820,,FRUIT/VEGETABLE,과일야채,, FRUIT VEGETABLE ,과일야채,4-10-55,11820,91820
1821,,MUNG BEAN(PEELED),깐녹두,, FRUIT VEGETABLE ,과일야채,4-10-55,11821,91821
1822,,ADLAY(PEELED),깐율무,, FRUIT VEGETABLE ,과일야채,4-10-55,11822,91822
1823,,RESERVE(FRUIT VEGETABLE),RESERVE(FRUIT VEGETABLE),, FRUIT VEGETABLE ,과일야채,4-10-55,11823,91823
1824,,RESERVE(FRUIT VEGETABLE),RESERVE(FRUIT VEGETABLE),, FRUIT VEGETABLE ,과일야채,4-10-55,11824,91824
1825,,RESERVE(FRUIT VEGETABLE),RESERVE(FRUIT VEGETABLE),, FRUIT VEGETABLE ,과일야채,4-10-55,11825,91825
1826,,RESERVE(FRUIT VEGETABLE),RESERVE(FRUIT VEGETABLE),, FRUIT VEGETABLE ,과일야채,4-10-55,11826,91826
1827,,RESERVE(FRUIT VEGETABLE),RESERVE(FRUIT VEGETABLE),, FRUIT VEGETABLE ,과일야채,4-10-55,11827,91827
1828,,RESERVE(FRUIT VEGETABLE),RESERVE(FRUIT VEGETABLE),, FRUIT VEGETABLE ,과일야채,4-10-55,11828,91828
1829,,RESERVE(FRUIT VEGETABLE),RESERVE(FRUIT VEGETABLE),, FRUIT VEGETABLE ,과일야채,4-10-55,11829,91829
1830,,RESERVE(FRUIT VEGETABLE),RESERVE(FRUIT VEGETABLE),, FRUIT VEGETABLE ,과일야채,4-10-55,11830,91830
1831,,RESERVE(FRUIT VEGETABLE),RESERVE(FRUIT VEGETABLE),, FRUIT VEGETABLE ,과일야채,4-10-55,11831,91831
1832,,RESERVE(FRUIT VEGETABLE),RESERVE(FRUIT VEGETABLE),, FRUIT VEGETABLE ,과일야채,4-10-55,11832,91832
1833,,RESERVE(FRUIT VEGETABLE),RESERVE(FRUIT VEGETABLE),, FRUIT VEGETABLE ,과일야채,4-10-55,11833,91833
1834,,RESERVE(FRUIT VEGETABLE),RESERVE(FRUIT VEGETABLE),, FRUIT VEGETABLE ,과일야채,4-10-55,11834,91834
1835,,RESERVE(FRUIT VEGETABLE),RESERVE(FRUIT VEGETABLE),, FRUIT VEGETABLE ,과일야채,4-10-55,11835,91835
1836,,RESERVE(FRUIT VEGETABLE),RESERVE(FRUIT VEGETABLE),, FRUIT VEGETABLE ,과일야채,4-10-55,11836,91836
1837,,RESERVE(FRUIT VEGETABLE),RESERVE(FRUIT VEGETABLE),, FRUIT VEGETABLE ,과일야채,4-10-55,11837,91837
1838,,RESERVE(FRUIT VEGETABLE),RESERVE(FRUIT VEGETABLE),, FRUIT VEGETABLE ,과일야채,4-10-55,11838,91838
1839,,RESERVE(FRUIT VEGETABLE),RESERVE(FRUIT VEGETABLE),, FRUIT VEGETABLE ,과일야채,4-10-55,11839,91839
1840,,ETC,ETC,, ETC ,기타,4-10-56,X,X
1841,,ETC,ETC,, ETC ,기타,4-10-56,X,X
1842,,ETC,ETC,, ETC ,기타,4-10-56,X,X
1843,,ETC,ETC,, ETC ,기타,4-10-56,X,X
1844,,ETC,ETC,, ETC ,기타,4-10-56,X,X
1845,,ETC,ETC,, ETC ,기타,4-10-56,X,X
1846,,ETC,ETC,, ETC ,기타,4-10-56,X,X
1847,,ETC,ETC,, ETC ,기타,4-10-56,X,X
1848,,ETC,ETC,, ETC ,기타,4-10-56,X,X
1849,,ETC,ETC,, ETC ,기타,4-10-56,X,X
1850,,ETC,ETC,, ETC ,기타,4-10-56,X,X
1851,,ETC,ETC,, ETC ,기타,4-10-56,X,X
1852,,ETC,ETC,, ETC ,기타,4-10-56,X,X
1853,,ETC,ETC,, ETC ,기타,4-10-56,X,X
1854,,ETC,ETC,, ETC ,기타,4-10-56,X,X
1855,,MUSHROOM,버섯,, MUSHROOM ,버섯,4-10-57,11855,91855
1856,,WILD OYSTER MUSHROOM,자연산느타리버섯,, MUSHROOM ,버섯,4-10-57,11856,91856
1857,,KING OYSTER MUSHROOM,새송이버섯,, MUSHROOM ,버섯,4-10-57,11857,91857
1858,,BABY OYSTER MUSHROOM,어린느타리버섯,, MUSHROOM ,버섯,4-10-57,11858,91858
1859,,OYSTER MUSHROOM,느타리버섯,, MUSHROOM ,버섯,4-10-57,11859,91859
1860,,BABY SHIITAKE MUSHROOM,어린표고버섯,, MUSHROOM ,버섯,4-10-57,11860,91860
1861,,SHIITAKE MUSHROOM,표고버섯,, MUSHROOM ,버섯,4-10-57,11861,91861
1862,,NATURAL PINE MUSHROOM,자연산송이버섯,, MUSHROOM ,버섯,4-10-57,11862,91862
1863,,PINE MUSHROOM,송이버섯,, MUSHROOM ,버섯,4-10-57,11863,91863
1864,,WOOD EAR MUSHROOM,목이버섯,, MUSHROOM ,버섯,4-10-57,11864,91864
1865,,SEAFOOD MUSHROOM,해물버섯,, MUSHROOM ,버섯,4-10-57,11865,91865
1866,,ENOKI MUSHROOM,팽이버섯,, MUSHROOM ,버섯,4-10-57,11866,91866
1867,,WHITE SHIMEJI MUSHROOM,화이트시메지버섯,, MUSHROOM ,버섯,4-10-57,11867,91867
1868,,BROWN SHIMEJI MUSHROOM,브라운시메지버섯,, MUSHROOM ,버섯,4-10-57,11868,91868
1869,,MOREL MUSHROOM,모렐버섯,, MUSHROOM ,버섯,4-10-57,11869,91869
1870,,CREMINI MUSHROOM,크리미니버섯,, MUSHROOM ,버섯,4-10-57,11870,91870
1871,,PORTOBELLA MUSHROOM,포토벨라버섯,, MUSHROOM ,버섯,4-10-57,11871,91871
1872,,BABYBELLA MUSHROOM,베이비벨라버섯,, MUSHROOM ,버섯,4-10-57,11872,91872
1873,,PHELLINUS MUSHROOM,상황버섯,, MUSHROOM ,버섯,4-10-57,11873,91873
1874,,WHITE MUSHROOM,화이트버섯,, MUSHROOM ,버섯,4-10-57,11874,91874
1875,,HEDHEHOG MUSHROOM,고슴도치버섯,, MUSHROOM ,버섯,4-10-57,11875,91875
1876,,NATURAL CHANTERELEE MUSHROOM,자연산샹트렐버섯,, MUSHROOM ,버섯,4-10-57,11876,91876
1877,,WHITE CHANTERELEE MUSHROOM,화이트향트렐버섯,, MUSHROOM ,버섯,4-10-57,11877,91877
1878,,YELLOW CHANTERELLE MUSHROOM,옐로우향트렐버섯,, MUSHROOM ,버섯,4-10-57,11878,91878
1879,,CHAGA MUSHROOM,차가버섯,, MUSHROOM ,버섯,4-10-57,11879,91879
1880,,WHITE MUSHROOM(SLICED),화이트버섯(슬라이스),, MUSHROOM ,버섯,4-10-57,11880,91880
1881,,LION'S MANE MUSHROOM,노루궁뎅이버섯,, MUSHROOM ,버섯,4-10-57,11881,91881
1882,,RESERVE(MUSHROOM),RESERVE(MUSHROOM),, MUSHROOM ,버섯,4-10-57,11882,91882
1883,,RESERVE(MUSHROOM),RESERVE(MUSHROOM),, MUSHROOM ,버섯,4-10-57,11883,91883
1884,,RESERVE(MUSHROOM),RESERVE(MUSHROOM),, MUSHROOM ,버섯,4-10-57,11884,91884
1885,,RESERVE(MUSHROOM),RESERVE(MUSHROOM),, MUSHROOM ,버섯,4-10-57,11885,91885
1886,,RESERVE(MUSHROOM),RESERVE(MUSHROOM),, MUSHROOM ,버섯,4-10-57,11886,91886
1887,,RESERVE(MUSHROOM),RESERVE(MUSHROOM),, MUSHROOM ,버섯,4-10-57,11887,91887
1888,,RESERVE(MUSHROOM),RESERVE(MUSHROOM),, MUSHROOM ,버섯,4-10-57,11888,91888
1889,,RESERVE(MUSHROOM),RESERVE(MUSHROOM),, MUSHROOM ,버섯,4-10-57,11889,91889
1890,,RESERVE(MUSHROOM),RESERVE(MUSHROOM),, MUSHROOM ,버섯,4-10-57,11890,91890
1891,,RESERVE(MUSHROOM),RESERVE(MUSHROOM),, MUSHROOM ,버섯,4-10-57,11891,91891
1892,,RESERVE(MUSHROOM),RESERVE(MUSHROOM),, MUSHROOM ,버섯,4-10-57,11892,91892
1893,,RESERVE(MUSHROOM),RESERVE(MUSHROOM),, MUSHROOM ,버섯,4-10-57,11893,91893
1894,,RESERVE(MUSHROOM),RESERVE(MUSHROOM),, MUSHROOM ,버섯,4-10-57,11894,91894
1895,,BROCCOLI,브로컬리,, BROCCOLI ,브로컬리,4-10-58,11895,91895
1896,,CROWN BROCCOLI,크라운브로컬리,, BROCCOLI ,브로컬리,4-10-58,11896,91896
1897,,PURPLE BROCCOLI,퍼플브로컬리,, BROCCOLI ,브로컬리,4-10-58,11897,91897
1898,,CHINESE BROCCOLI,중국브로컬리,, BROCCOLI ,브로컬리,4-10-58,11898,91898
1899,,RAPPINI,라피니,, BROCCOLI ,브로컬리,4-10-58,11899,91899
1900,,RESERVE(BROCCOLI),RESERVE(BROCCOLI),, BROCCOLI ,브로컬리,4-10-58,11900,91900
1901,,RESERVE(BROCCOLI),RESERVE(BROCCOLI),, BROCCOLI ,브로컬리,4-10-58,11901,91901
1902,,RESERVE(BROCCOLI),RESERVE(BROCCOLI),, BROCCOLI ,브로컬리,4-10-58,11902,91902
1903,,RESERVE(BROCCOLI),RESERVE(BROCCOLI),, BROCCOLI ,브로컬리,4-10-58,11903,91903
1904,,RESERVE(BROCCOLI),RESERVE(BROCCOLI),, BROCCOLI ,브로컬리,4-10-58,11904,91904
1905,,CAULIFLOWER,컬리플라워,, CAULIFLOWER ,컬리플라워,4-10-59,11905,91905
1906,,WHITE CAULIFLOWER,화이트컬리플라워,, CAULIFLOWER ,컬리플라워,4-10-59,11906,91906
1907,,CHINESE CAULIFLOWER,중국컬리플라워,, CAULIFLOWER ,컬리플라워,4-10-59,11907,91907
1908,,GREEN CAULIFLOWER,그린컬리플라워,, CAULIFLOWER ,컬리플라워,4-10-59,11908,91908
1909,,ORANGE CAULIFLOWER,오렌지컬리플라워,, CAULIFLOWER ,컬리플라워,4-10-59,11909,91909
1910,,PURPLE CAULIFLOWER,퍼플컬리플라워,, CAULIFLOWER ,컬리플라워,4-10-59,11910,91910
1911,,BABY CAULIFLOWER,베이지컬리플라워,, CAULIFLOWER ,컬리플라워,4-10-59,11911,91911
1912,,ROMANESCO CALIFLOWER,로마네스코,, CAULIFLOWER ,컬리플라워,4-10-59,11912,91912
1913,,TAIWAN CALIFLOWER,타이완컬리플라워,, CAULIFLOWER ,컬리플라워,4-10-59,11913,91913
1914,,RESERVE(CAULIFLOWER),RESERVE(CAULIFLOWER),, CAULIFLOWER ,컬리플라워,4-10-59,11914,91914
1915,,RESERVE(CAULIFLOWER),RESERVE(CAULIFLOWER),, CAULIFLOWER ,컬리플라워,4-10-59,11915,91915
1916,,RESERVE(CAULIFLOWER),RESERVE(CAULIFLOWER),, CAULIFLOWER ,컬리플라워,4-10-59,11916,91916
1917,,RESERVE(CAULIFLOWER),RESERVE(CAULIFLOWER),, CAULIFLOWER ,컬리플라워,4-10-59,11917,91917
1918,,RESERVE(CAULIFLOWER),RESERVE(CAULIFLOWER),, CAULIFLOWER ,컬리플라워,4-10-59,11918,91918
1919,,RESERVE(CAULIFLOWER),RESERVE(CAULIFLOWER),, CAULIFLOWER ,컬리플라워,4-10-59,11919,91919
1920,,ARTICHOKE,아티초크,, ARTICHOKE ,아티초크,4-10-60,11920,91920
1921,,GREEN ARTICHOKE,그린아티초크,, ARTICHOKE ,아티초크,4-10-60,11921,91921
1922,,BABY ARTICHOKE,작은아티초크,, ARTICHOKE ,아티초크,4-10-60,11922,91922
1923,,RESERVE(ARTICHOKE),RESERVE(ARTICHOKE),, ARTICHOKE ,아티초크,4-10-60,11923,91923
1924,,RESERVE(ARTICHOKE),RESERVE(ARTICHOKE),, ARTICHOKE ,아티초크,4-10-60,11924,91924
1925,,SUGAR CANE,사탕수수,, SUGAR CANE ,사탕수수,4-10-61,11925,91925
1926,,GREEN SUGAR CANE,그린사탕수수,, SUGAR CANE ,사탕수수,4-10-61,11926,91926
1927,,PURPLE SUGAR CANE,퍼플사탕수수,, SUGAR CANE ,사탕수수,4-10-61,11927,91927
1928,,RESERVE(SUGAR CANE),RESERVE(SUGAR CANE),, SUGAR CANE ,사탕수수,4-10-61,11928,91928
1929,,RESERVE(SUGAR CANE),RESERVE(SUGAR CANE),, SUGAR CANE ,사탕수수,4-10-61,11929,91929
1930,,ALOE VERA,알로에베라,, ETC VEGETABLE ,기타야채,4-10-62,11930,91930
1931,,GINKO,은행,, ETC VEGETABLE ,기타야채,4-10-62,11931,91931
1932,,PEELED GINKO,깐은행,, ETC VEGETABLE ,기타야채,4-10-62,11932,91932
1933,,RESERVE(ETC VEGETABLE),RESERVE(ETC VEGETABLE),, ETC VEGETABLE ,기타야채,4-10-62,11933,91933
1934,,RESERVE(ETC VEGETABLE),RESERVE(ETC VEGETABLE),, ETC VEGETABLE ,기타야채,4-10-62,11934,91934
1935,,RESERVE(ETC VEGETABLE),RESERVE(ETC VEGETABLE),, ETC VEGETABLE ,기타야채,4-10-62,11935,91935
1936,,RESERVE(ETC VEGETABLE),RESERVE(ETC VEGETABLE),, ETC VEGETABLE ,기타야채,4-10-62,11936,91936
1937,,RESERVE(ETC VEGETABLE),RESERVE(ETC VEGETABLE),, ETC VEGETABLE ,기타야채,4-10-62,11937,91937
1938,,RESERVE(ETC VEGETABLE),RESERVE(ETC VEGETABLE),, ETC VEGETABLE ,기타야채,4-10-62,11938,91938
1939,,RESERVE(ETC VEGETABLE),RESERVE(ETC VEGETABLE),, ETC VEGETABLE ,기타야채,4-10-62,11939,91939
1940,,RESERVE(ETC VEGETABLE),RESERVE(ETC VEGETABLE),, ETC VEGETABLE ,기타야채,4-10-62,11940,91940
1941,,RESERVE(ETC VEGETABLE),RESERVE(ETC VEGETABLE),, ETC VEGETABLE ,기타야채,4-10-62,11941,91941
1942,,RESERVE(ETC VEGETABLE),RESERVE(ETC VEGETABLE),, ETC VEGETABLE ,기타야채,4-10-62,11942,91942
1943,,RESERVE(ETC VEGETABLE),RESERVE(ETC VEGETABLE),, ETC VEGETABLE ,기타야채,4-10-62,11943,91943
1944,,RESERVE(ETC VEGETABLE),RESERVE(ETC VEGETABLE),, ETC VEGETABLE ,기타야채,4-10-62,11944,91944
1945,,RESERVE(ETC VEGETABLE),RESERVE(ETC VEGETABLE),, ETC VEGETABLE ,기타야채,4-10-62,11945,91945
1946,,RESERVE(ETC VEGETABLE),RESERVE(ETC VEGETABLE),, ETC VEGETABLE ,기타야채,4-10-62,11946,91946
1947,,RESERVE(ETC VEGETABLE),RESERVE(ETC VEGETABLE),, ETC VEGETABLE ,기타야채,4-10-62,11947,91947
1948,,RESERVE(ETC VEGETABLE),RESERVE(ETC VEGETABLE),, ETC VEGETABLE ,기타야채,4-10-62,11948,91948
1949,,RESERVE(ETC VEGETABLE),RESERVE(ETC VEGETABLE),, ETC VEGETABLE ,기타야채,4-10-62,11949,91949
1950,,ETC,ETC,, ETC ,기타,4-10-63,X,X
1951,,ETC,ETC,, ETC ,기타,4-10-63,X,X
1952,,ETC,ETC,, ETC ,기타,4-10-63,X,X
1953,,ETC,ETC,, ETC ,기타,4-10-63,X,X
1954,,ETC,ETC,, ETC ,기타,4-10-63,X,X
1955,,ETC,ETC,, ETC ,기타,4-10-63,X,X
1956,,ETC,ETC,, ETC ,기타,4-10-63,X,X
1957,,ETC,ETC,, ETC ,기타,4-10-63,X,X
1958,,ETC,ETC,, ETC ,기타,4-10-63,X,X
1959,,ETC,ETC,, ETC ,기타,4-10-63,X,X
1960,,ETC,ETC,, ETC ,기타,4-10-63,X,X
1961,,ETC,ETC,, ETC ,기타,4-10-63,X,X
1962,,ETC,ETC,, ETC ,기타,4-10-63,X,X
1963,,ETC,ETC,, ETC ,기타,4-10-63,X,X
1964,,ETC,ETC,, ETC ,기타,4-10-63,X,X
1965,,DRIED)CRYSTAL GINGER,말린)크리스탈 생강,, DRIED VEGETABLE ,건채,4-10-64,X,X
1966,,RESERVE(DRIED VEGETABLE),RESERVE(DRIED VEGETABLE),, DRIED VEGETABLE ,건채,4-10-64,X,X
1967,,RESERVE(DRIED VEGETABLE),RESERVE(DRIED VEGETABLE),, DRIED VEGETABLE ,건채,4-10-64,X,X
1968,,RESERVE(DRIED VEGETABLE),RESERVE(DRIED VEGETABLE),, DRIED VEGETABLE ,건채,4-10-64,X,X
1969,,RESERVE(DRIED VEGETABLE),RESERVE(DRIED VEGETABLE),, DRIED VEGETABLE ,건채,4-10-64,X,X
1970,,RESERVE(DRIED VEGETABLE),RESERVE(DRIED VEGETABLE),, DRIED VEGETABLE ,건채,4-10-64,X,X
1971,,RESERVE(DRIED VEGETABLE),RESERVE(DRIED VEGETABLE),, DRIED VEGETABLE ,건채,4-10-64,X,X
1972,,RESERVE(DRIED VEGETABLE),RESERVE(DRIED VEGETABLE),, DRIED VEGETABLE ,건채,4-10-64,X,X
1973,,RESERVE(DRIED VEGETABLE),RESERVE(DRIED VEGETABLE),, DRIED VEGETABLE ,건채,4-10-64,X,X
1974,,RESERVE(DRIED VEGETABLE),RESERVE(DRIED VEGETABLE),, DRIED VEGETABLE ,건채,4-10-64,X,X
1975,,SEED,씨앗,, SEED ,씨앗,4-10-65,X,X
1976,,RESERVE(SEED),RESERVE(SEED),, SEED ,씨앗,4-10-65,X,X
1977,,RESERVE(SEED),RESERVE(SEED),, SEED ,씨앗,4-10-65,X,X
1978,,RESERVE(SEED),RESERVE(SEED),, SEED ,씨앗,4-10-65,X,X
1979,,RESERVE(SEED),RESERVE(SEED),, SEED ,씨앗,4-10-65,X,X
1980,,FLOWERPOT,모종/화분,, FLOWERPOT ,모종/화분,4-10-66,X,X
1981,,RESERVE(FLOWERPOT),RESERVE(FLOWERPOT),, FLOWERPOT ,모종/화분,4-10-66,X,X
1982,,RESERVE(FLOWERPOT),RESERVE(FLOWERPOT),, FLOWERPOT ,모종/화분,4-10-66,X,X
1983,,RESERVE(FLOWERPOT),RESERVE(FLOWERPOT),, FLOWERPOT ,모종/화분,4-10-66,X,X
1984,,RESERVE(FLOWERPOT),RESERVE(FLOWERPOT),, FLOWERPOT ,모종/화분,4-10-66,X,X
1985,,ETC,기타,, ETC ,기타,4-10-67,X,X
1986,,YOUNG JICAMA,영지카마,, ETC ,기타,4-10-67,X,X
1987,,ETC,ETC,, ETC ,기타,4-10-67,X,X
1988,,ETC,ETC,, ETC ,기타,4-10-67,X,X
1989,,ETC,ETC,, ETC ,기타,4-10-67,X,X
1990,,ETC,ETC,, ETC ,기타,4-10-67,X,X
1991,,ETC,ETC,, ETC ,기타,4-10-67,X,X
1992,,ETC,ETC,, ETC ,기타,4-10-67,X,X
1993,,ETC,ETC,, ETC ,기타,4-10-67,X,X
1994,,ETC,ETC,, ETC ,기타,4-10-67,X,X
1995,,ETC,ETC,, ETC ,기타,4-10-67,X,X
1996,,ETC,ETC,, ETC ,기타,4-10-67,X,X
1997,,ETC,ETC,, ETC ,기타,4-10-67,X,X
1998,,ETC,ETC,, ETC ,기타,4-10-67,X,X
1999,,ETC,ETC,, ETC ,기타,4-10-67,X,X
2000,,APPLE,사과,, APPLE ,사과,4-20-01,12000,92000
2001,,FUJI APPLE,후지사과,, APPLE ,사과,4-20-01,12001,92001
2002,,GALA APPLE,갈라사과,, APPLE ,사과,4-20-01,12002,92002
2003,,ENVY APPLE,엔비사과,, APPLE ,사과,4-20-01,12003,92003
2004,,SUGAR BEE APPLE,슈가비사과,, APPLE ,사과,4-20-01,12004,92004
2005,,GRANNY SMITH APPLE,그래니스미스사과,, APPLE ,사과,4-20-01,12005,92005
2006,,HONEYCRISP APPLE,허니크리스피사과,, APPLE ,사과,4-20-01,12006,92006
2007,,JONAGOLD APPLE,죠나골드사과,, APPLE ,사과,4-20-01,12007,92007
2008,,KIKU APPLE,키쿠사과,, APPLE ,사과,4-20-01,12008,92008
2009,,OPAL APPLE,오팔사과,, APPLE ,사과,4-20-01,12009,92009
2010,,RED DELICIOUS APPLE,레드딜리셔스사과,, APPLE ,사과,4-20-01,12010,92010
2011,,GOLDEN DELICIOUS APPLE,골든딜리셔스사과,, APPLE ,사과,4-20-01,12011,92011
2012,,EVERCRISP APPLE,에버크리스피사과,, APPLE ,사과,4-20-01,12012,92012
2013,,COSMIC CRISP APPLE,코스믹크리스피사과,, APPLE ,사과,4-20-01,12013,92013
2014,,SNOW APPLE,스노우사과,, APPLE ,사과,4-20-01,12014,92014
2015,,AUTUMN GLORY APPLE,어텀글로리사과,, APPLE ,사과,4-20-01,12015,92015
2016,,SMITTEN APPLE,스미슨사과,, APPLE ,사과,4-20-01,12016,92016
2017,,JAZZ APPLE,재즈사과,, APPLE ,사과,4-20-01,12017,92017
2018,,PACIFIC ROSE APPLE,퍼시픽로즈사과,, APPLE ,사과,4-20-01,12018,92018
2019,,JUICY APPLE,쥬시사과,, APPLE ,사과,4-20-01,12019,92019
2020,,KORU APPLE,코루사과,, APPLE ,사과,4-20-01,12020,92020
2021,,PINK LADY APPLE,핑크레이디사과,, APPLE ,사과,4-20-01,12021,92021
2022,,KANZI(NICOTER) APPLE,칸지사과,, APPLE ,사과,4-20-01,12022,92022
2023,,ROME APPLE,로마사과,, APPLE ,사과,4-20-01,12023,92023
2024,,SUNRISE MAGIC APPLE,선라이즈매직사과,, APPLE ,사과,4-20-01,12024,92024
2025,,AMBROSIA APPLE,앰브로샤사과,, APPLE ,사과,4-20-01,12025,92025
2026,,BRAEBURN APPLE,브리번사과,, APPLE ,사과,4-20-01,12026,92026
2027,,CAMEO APPLE,카메오사과,, APPLE ,사과,4-20-01,12027,92027
2028,,GREEN DRAGON APPLE,그린드래곤사과,, APPLE ,사과,4-20-01,12028,92028
2029,,PINOVA APPLE,피노바사과,, APPLE ,사과,4-20-01,12029,92029
2030,,GINGER GOLD APPLE,진저골드사과,, APPLE ,사과,4-20-01,12030,92030
2031,,PAZAZZ APPLE,파재즈사과,, APPLE ,사과,4-20-01,12031,92031
2032,,PINK CRISPY APPLE,핑크크리스피사과,, APPLE ,사과,4-20-01,12032,92032
2033,,ENZA APPLE,엔자사과,, APPLE ,사과,4-20-01,12033,92033
2034,,SWEETANGO APPLE,스윗탱고사과,, APPLE ,사과,4-20-01,12034,92034
2035,,MACINTOSH APPLE,맥킨토시사과,, APPLE ,사과,4-20-01,12035,92035
2036,,SWEETIE CRISPY APPLE,스위티크리스피사과,, APPLE ,사과,4-20-01,12036,92036
2037,,RAINIER APPLE,레이니어사과,, APPLE ,사과,4-20-01,12037,92037
2038,,DAZZLE APPLE,데이즐사과,, APPLE ,사과,4-20-01,12038,92038
2039,,LEMONADE APPLE,레모네이드사과,, APPLE ,사과,4-20-01,12039,92039
2040,,LUCY GLO APPLE,루시글로사과,, APPLE ,사과,4-20-01,12040,92040
2041,,LUCY ROSE APPLE,루시로즈사과,, APPLE ,사과,4-20-01,12041,92041
2042,,WILD TWIST APPE,와일드트위스트사과,, APPLE ,사과,4-20-01,12042,92042
2043,,RESERVE(APPLE),RESERVE(APPLE),, APPLE ,사과,4-20-01,12043,92043
2044,,RESERVE(APPLE),RESERVE(APPLE),, APPLE ,사과,4-20-01,12044,92044
2045,,RESERVE(APPLE),RESERVE(APPLE),, APPLE ,사과,4-20-01,12045,92045
2046,,RESERVE(APPLE),RESERVE(APPLE),, APPLE ,사과,4-20-01,12046,92046
2047,,RESERVE(APPLE),RESERVE(APPLE),, APPLE ,사과,4-20-01,12047,92047
2048,,RESERVE(APPLE),RESERVE(APPLE),, APPLE ,사과,4-20-01,12048,92048
2049,,RESERVE(APPLE),RESERVE(APPLE),, APPLE ,사과,4-20-01,12049,92049
2050,,RESERVE(APPLE),RESERVE(APPLE),, APPLE ,사과,4-20-01,12050,92050
2051,,RESERVE(APPLE),RESERVE(APPLE),, APPLE ,사과,4-20-01,12051,92051
2052,,RESERVE(APPLE),RESERVE(APPLE),, APPLE ,사과,4-20-01,12052,92052
2053,,RESERVE(APPLE),RESERVE(APPLE),, APPLE ,사과,4-20-01,12053,92053
2054,,RESERVE(APPLE),RESERVE(APPLE),, APPLE ,사과,4-20-01,12054,92054
2055,,RESERVE(APPLE),RESERVE(APPLE),, APPLE ,사과,4-20-01,12055,92055
2056,,RESERVE(APPLE),RESERVE(APPLE),, APPLE ,사과,4-20-01,12056,92056
2057,,RESERVE(APPLE),RESERVE(APPLE),, APPLE ,사과,4-20-01,12057,92057
2058,,RESERVE(APPLE),RESERVE(APPLE),, APPLE ,사과,4-20-01,12058,92058
2059,,RESERVE(APPLE),RESERVE(APPLE),, APPLE ,사과,4-20-01,12059,92059
2060,,KOREAN PEAR,한국배,, KOREAN PEAR ,한국배,4-20-02,12060,92060
2061,,KOREAN SINGO PEAR,한국신고배,, KOREAN PEAR ,한국배,4-20-02,12061,92061
2062,,KOREAN WONHWANG PEAR,한국원황배,, KOREAN PEAR ,한국배,4-20-02,12062,92062
2063,,KOREAN GOLDEN PEAR,한국골든배,, KOREAN PEAR ,한국배,4-20-02,12063,92063
2064,,KOREAN NAJU PEAR,한국나주배,, KOREAN PEAR ,한국배,4-20-02,12064,92064
2065,,RESERVE(KOREAN PEAR),RESERVE(KOREAN PEAR),, KOREAN PEAR ,한국배,4-20-02,12065,92065
2066,,RESERVE(KOREAN PEAR),RESERVE(KOREAN PEAR),, KOREAN PEAR ,한국배,4-20-02,12066,92066
2067,,RESERVE(KOREAN PEAR),RESERVE(KOREAN PEAR),, KOREAN PEAR ,한국배,4-20-02,12067,92067
2068,,RESERVE(KOREAN PEAR),RESERVE(KOREAN PEAR),, KOREAN PEAR ,한국배,4-20-02,12068,92068
2069,,RESERVE(KOREAN PEAR),RESERVE(KOREAN PEAR),, KOREAN PEAR ,한국배,4-20-02,12069,92069
2070,,PEAR,배,, PEAR ,배,4-20-03,12070,92070
2071,,ASIAN PEAR,아시아배,, PEAR ,배,4-20-03,12071,92071
2072,,FRAGRANT PEAR,향기배,, PEAR ,배,4-20-03,12072,92072
2073,,BOSC PEAR,보스크배,, PEAR ,배,4-20-03,12073,92073
2074,,D'ANJOU PEAR,당주배,, PEAR ,배,4-20-03,12074,92074
2075,,FORELLE PEAR,포렐레배,, PEAR ,배,4-20-03,12075,92075
2076,,YALI PEAR,얄리배,, PEAR ,배,4-20-03,12076,92076
2077,,BARTLETT PEAR,버틀렛배,, PEAR ,배,4-20-03,12077,92077
2078,,RED BARTLETT PEAR,레드버틀렛배,, PEAR ,배,4-20-03,12078,92078
2079,,CONCORDE PEAR,콩코드배,, PEAR ,배,4-20-03,12079,92079
2080,,TAYLOR GOLD PEAR,테일러골드배,, PEAR ,배,4-20-03,12080,92080
2081,,PACKHAM PEAR,팩햄배,, PEAR ,배,4-20-03,12081,92081
2082,,RED D'ANJOU PEAR,레드당주배,, PEAR ,배,4-20-03,12082,92082
2083,,GREEN D'ANJOU PEAR,그린당주배,, PEAR ,배,4-20-03,12083,92083
2084,,SAND PEAR,모래배,, PEAR ,배,4-20-03,12084,92084
2085,,COMICE PEAR,코미스배,, PEAR ,배,4-20-03,12085,92085
2086,,RED COMICE PEAR,레드코미스배,, PEAR ,배,4-20-03,12086,92086
2087,,ANGEL PEAR,엔젤배,, PEAR ,배,4-20-03,12087,92087
2088,,CRIMSON PEAR,크림슨배,, PEAR ,배,4-20-03,12088,92088
2089,,STARKRIMSON PEAR,스타크림슨배,, PEAR ,배,4-20-03,12089,92089
2090,,FLAMINGO PEAR,플라밍고배,, PEAR ,배,4-20-03,12090,92090
2091,,DIAMOND PEAR,다이아몬드배,, PEAR ,배,4-20-03,12091,92091
2092,,ASAIN SHIN LI PEAR,아시아신리배,, PEAR ,배,4-20-03,12092,92092
2093,,VELVETEEN PEAR,벨베틴배,, PEAR ,배,4-20-03,12093,92093
2094,,RED PEAR,레드배,, PEAR ,배,4-20-03,12094,92094
2095,,HOSUI ASAIN PEAR,호수이배,, PEAR ,배,4-20-03,12095,92095
2096,,CRUNCHY GOLD PEAR,그런치골드배,, PEAR ,배,4-20-03,12096,92096
2097,,BROWN PEAR,갈색배,, PEAR ,배,4-20-03,12097,92097
2098,,GOLDEN PEAR,골든배,, PEAR ,배,4-20-03,12098,92098
2099,,SECKEL PEAR,세켈배,, PEAR ,배,4-20-03,12099,92099
2100,,NAN SHUI PEAR,난수이배,, PEAR ,배,4-20-03,12100,92100
2101,,RESERVE(PEAR),RESERVE(PEAR),, PEAR ,배,4-20-03,12101,92101
2102,,RESERVE(PEAR),RESERVE(PEAR),, PEAR ,배,4-20-03,12102,92102
2103,,RESERVE(PEAR),RESERVE(PEAR),, PEAR ,배,4-20-03,12103,92103
2104,,RESERVE(PEAR),RESERVE(PEAR),, PEAR ,배,4-20-03,12104,92104
2105,,RESERVE(PEAR),RESERVE(PEAR),, PEAR ,배,4-20-03,12105,92105
2106,,RESERVE(PEAR),RESERVE(PEAR),, PEAR ,배,4-20-03,12106,92106
2107,,RESERVE(PEAR),RESERVE(PEAR),, PEAR ,배,4-20-03,12107,92107
2108,,RESERVE(PEAR),RESERVE(PEAR),, PEAR ,배,4-20-03,12108,92108
2109,,RESERVE(PEAR),RESERVE(PEAR),, PEAR ,배,4-20-03,12109,92109
2110,,RESERVE(PEAR),RESERVE(PEAR),, PEAR ,배,4-20-03,12110,92110
2111,,RESERVE(PEAR),RESERVE(PEAR),, PEAR ,배,4-20-03,12111,92111
2112,,RESERVE(PEAR),RESERVE(PEAR),, PEAR ,배,4-20-03,12112,92112
2113,,RESERVE(PEAR),RESERVE(PEAR),, PEAR ,배,4-20-03,12113,92113
2114,,RESERVE(PEAR),RESERVE(PEAR),, PEAR ,배,4-20-03,12114,92114
2115,,RESERVE(PEAR),RESERVE(PEAR),, PEAR ,배,4-20-03,12115,92115
2116,,RESERVE(PEAR),RESERVE(PEAR),, PEAR ,배,4-20-03,12116,92116
2117,,RESERVE(PEAR),RESERVE(PEAR),, PEAR ,배,4-20-03,12117,92117
2118,,RESERVE(PEAR),RESERVE(PEAR),, PEAR ,배,4-20-03,12118,92118
2119,,RESERVE(PEAR),RESERVE(PEAR),, PEAR ,배,4-20-03,12119,92119
2120,,ETC,ETC,, ETC ,기타,4-20-04,X,X
2121,,ETC,ETC,, ETC ,기타,4-20-04,X,X
2122,,ETC,ETC,, ETC ,기타,4-20-04,X,X
2123,,ETC,ETC,, ETC ,기타,4-20-04,X,X
2124,,ETC,ETC,, ETC ,기타,4-20-04,X,X
2125,,ETC,ETC,, ETC ,기타,4-20-04,X,X
2126,,ETC,ETC,, ETC ,기타,4-20-04,X,X
2127,,ETC,ETC,, ETC ,기타,4-20-04,X,X
2128,,ETC,ETC,, ETC ,기타,4-20-04,X,X
2129,,ETC,ETC,, ETC ,기타,4-20-04,X,X
2130,,ETC,ETC,, ETC ,기타,4-20-04,X,X
2131,,ETC,ETC,, ETC ,기타,4-20-04,X,X
2132,,ETC,ETC,, ETC ,기타,4-20-04,X,X
2133,,ETC,ETC,, ETC ,기타,4-20-04,X,X
2134,,ETC,ETC,, ETC ,기타,4-20-04,X,X
2135,,ETC,ETC,, ETC ,기타,4-20-05,X,X
2136,,ETC,ETC,, ETC ,기타,4-20-05,X,X
2137,,ETC,ETC,, ETC ,기타,4-20-05,X,X
2138,,ETC,ETC,, ETC ,기타,4-20-05,X,X
2139,,ETC,ETC,, ETC ,기타,4-20-05,X,X
2140,,ETC,ETC,, ETC ,기타,4-20-05,X,X
2141,,ETC,ETC,, ETC ,기타,4-20-05,X,X
2142,,ETC,ETC,, ETC ,기타,4-20-05,X,X
2143,,ETC,ETC,, ETC ,기타,4-20-05,X,X
2144,,ETC,ETC,, ETC ,기타,4-20-05,X,X
2145,,ETC,ETC,, ETC ,기타,4-20-05,X,X
2146,,ETC,ETC,, ETC ,기타,4-20-05,X,X
2147,,ETC,ETC,, ETC ,기타,4-20-05,X,X
2148,,ETC,ETC,, ETC ,기타,4-20-05,X,X
2149,,ETC,ETC,, ETC ,기타,4-20-05,X,X
2150,,PERSIMMON,단감,, PERSIMMON ,감,4-20-06,12150,92150
2151,,FUYU PERSIMMON,후유단감,, PERSIMMON ,감,4-20-06,12151,92151
2152,,CHOCOLATE PERSIMMON,초콜릿감,, PERSIMMON ,감,4-20-06,12152,92152
2153,,SHARON PERSIMMON,샤론감,, PERSIMMON ,감,4-20-06,12153,92153
2154,,VANILLA PERSIMMON,바닐라감,, PERSIMMON ,감,4-20-06,12154,92154
2155,,YUBA PERSIMMON,유바감,, PERSIMMON ,감,4-20-06,12155,92155
2156,,HACHIYA PERSIMMON,하치야감(홍시),, PERSIMMON ,감,4-20-06,12156,92156
2157,,RESERVE(PERSIMMON),RESERVE(PERSIMMON),, PERSIMMON ,감,4-20-06,12157,92157
2158,,RESERVE(PERSIMMON),RESERVE(PERSIMMON),, PERSIMMON ,감,4-20-06,12158,92158
2159,,RESERVE(PERSIMMON),RESERVE(PERSIMMON),, PERSIMMON ,감,4-20-06,12159,92159
2160,,RESERVE(PERSIMMON),RESERVE(PERSIMMON),, PERSIMMON ,감,4-20-06,12160,92160
2161,,RESERVE(PERSIMMON),RESERVE(PERSIMMON),, PERSIMMON ,감,4-20-06,12161,92161
2162,,RESERVE(PERSIMMON),RESERVE(PERSIMMON),, PERSIMMON ,감,4-20-06,12162,92162
2163,,RESERVE(PERSIMMON),RESERVE(PERSIMMON),, PERSIMMON ,감,4-20-06,12163,92163
2164,,RESERVE(PERSIMMON),RESERVE(PERSIMMON),, PERSIMMON ,감,4-20-06,12164,92164
2165,,MANDARIN,만다린,, MANDARIN ,만다린,4-20-07,12165,92165
2166,,BLUE JAY MANDARIN,블루제이만다린,, MANDARIN ,만다린,4-20-07,12166,92166
2167,,SUMO MANDARIN,수모만다린,, MANDARIN ,만다린,4-20-07,12167,92167
2168,,ORRI MANDARIN,오리만다린,, MANDARIN ,만다린,4-20-07,12168,92168
2169,,GOLD NUGGET MANDARIN,골드너겟만다린,, MANDARIN ,만다린,4-20-07,12169,92169
2170,,NOVA MANDARIN,노바만다린,, MANDARIN ,만다린,4-20-07,12170,92170
2171,,PAGE MANDARIN,페이지만다린,, MANDARIN ,만다린,4-20-07,12171,92171
2172,,MURCOTT MANDARIN,멀콧만다린,, MANDARIN ,만다린,4-20-07,12172,92172
2173,,WOGAN MANDARIN,워곤만다린,, MANDARIN ,만다린,4-20-07,12173,92173
2174,,JEJU MANDARIN,제주만다린,, MANDARIN ,만다린,4-20-07,12174,92174
2175,,YOSEMITE MANDARIN,요세미티만다린,, MANDARIN ,만다린,4-20-07,12175,92175
2176,,SATSUMA MANDARIN,사스마만다린,, MANDARIN ,만다린,4-20-07,12176,92176
2177,,DAISY MANDARIN,데이지만다린,, MANDARIN ,만다린,4-20-07,12177,92177
2178,,RUBY TANGO MANDARIN,루비탱고만다린,, MANDARIN ,만다린,4-20-07,12178,92178
2179,,MADARIN W/STEM & LEAF,줄기만다린,, MANDARIN ,만다린,4-20-07,12179,92179
2180,,DEKOPON MANDARIN,한라봉,, MANDARIN ,만다린,4-20-07,12180,92180
2181,,SHASTA GOLD MANDARIN,샤스타골드만다린,, MANDARIN ,만다린,4-20-07,12181,92181
2182,,CUTY MANDARIN,큐티만다린,, MANDARIN ,만다린,4-20-07,12182,92182
2183,,RESERVE(MANDARIN),RESERVE(MANDARIN),, MANDARIN ,만다린,4-20-07,12183,92183
2184,,RESERVE(MANDARIN),RESERVE(MANDARIN),, MANDARIN ,만다린,4-20-07,12184,92184
2185,,RESERVE(MANDARIN),RESERVE(MANDARIN),, MANDARIN ,만다린,4-20-07,12185,92185
2186,,RESERVE(MANDARIN),RESERVE(MANDARIN),, MANDARIN ,만다린,4-20-07,12186,92186
2187,,RESERVE(MANDARIN),RESERVE(MANDARIN),, MANDARIN ,만다린,4-20-07,12187,92187
2188,,RESERVE(MANDARIN),RESERVE(MANDARIN),, MANDARIN ,만다린,4-20-07,12188,92188
2189,,RESERVE(MANDARIN),RESERVE(MANDARIN),, MANDARIN ,만다린,4-20-07,12189,92189
2190,,TANGERINE,텐저린,, TANGERINE ,텐저린,4-20-08,12190,92190
2191,,HONEY TANGERINE,허니텐저린,, TANGERINE ,텐저린,4-20-08,12191,92191
2192,,ORTANIQUE TANGERINE,오타니크텐저린,, TANGERINE ,텐저린,4-20-08,12192,92192
2193,,CLEMENTINE TANGERINE,클레멘타인텐저린,, TANGERINE ,텐저린,4-20-08,12193,92193
2194,,MINNEOLA TANGERINE,미네올라텐저린,, TANGERINE ,텐저린,4-20-08,12194,92194
2195,,MINNEOLA HONEYBELL TANGERINE,미네올라허니벨텐저린,, TANGERINE ,텐저린,4-20-08,12195,92195
2196,,FALLGLO TANGERINE,폴글로텐저린,, TANGERINE ,텐저린,4-20-08,12196,92196
2197,,FAIRCHILD TANGERINE,페어차일드텐저린,, TANGERINE ,텐저린,4-20-08,12197,92197
2198,,RESERVE(TANGERINE),RESERVE(TANGERINE),, TANGERINE ,텐저린,4-20-08,12198,92198
2199,,RESERVE(TANGERINE),RESERVE(TANGERINE),, TANGERINE ,텐저린,4-20-08,12199,92199
2200,,RESERVE(TANGERINE),RESERVE(TANGERINE),, TANGERINE ,텐저린,4-20-08,12200,92200
2201,,RESERVE(TANGERINE),RESERVE(TANGERINE),, TANGERINE ,텐저린,4-20-08,12201,92201
2202,,RESERVE(TANGERINE),RESERVE(TANGERINE),, TANGERINE ,텐저린,4-20-08,12202,92202
2203,,RESERVE(TANGERINE),RESERVE(TANGERINE),, TANGERINE ,텐저린,4-20-08,12203,92203
2204,,RESERVE(TANGERINE),RESERVE(TANGERINE),, TANGERINE ,텐저린,4-20-08,12204,92204
2205,,RESERVE(TANGERINE),RESERVE(TANGERINE),, TANGERINE ,텐저린,4-20-08,12205,92205
2206,,RESERVE(TANGERINE),RESERVE(TANGERINE),, TANGERINE ,텐저린,4-20-08,12206,92206
2207,,RESERVE(TANGERINE),RESERVE(TANGERINE),, TANGERINE ,텐저린,4-20-08,12207,92207
2208,,RESERVE(TANGERINE),RESERVE(TANGERINE),, TANGERINE ,텐저린,4-20-08,12208,92208
2209,,RESERVE(TANGERINE),RESERVE(TANGERINE),, TANGERINE ,텐저린,4-20-08,12209,92209
2210,,RESERVE(TANGERINE),RESERVE(TANGERINE),, TANGERINE ,텐저린,4-20-08,12210,92210
2211,,RESERVE(TANGERINE),RESERVE(TANGERINE),, TANGERINE ,텐저린,4-20-08,12211,92211
2212,,RESERVE(TANGERINE),RESERVE(TANGERINE),, TANGERINE ,텐저린,4-20-08,12212,92212
2213,,RESERVE(TANGERINE),RESERVE(TANGERINE),, TANGERINE ,텐저린,4-20-08,12213,92213
2214,,RESERVE(TANGERINE),RESERVE(TANGERINE),, TANGERINE ,텐저린,4-20-08,12214,92214
2215,,ORANGE,오렌지,, ORANGE ,오렌지,4-20-09,12215,92215
2216,,NAVEL ORANGE,네이블오렌지,, ORANGE ,오렌지,4-20-09,12216,92216
2217,,BLUEJAY NAVEL ORANGE,블루제이네이블오렌지,, ORANGE ,오렌지,4-20-09,12217,92217
2218,,HEIRLOOM NAVEL ORANGE,헤일룸네이블오렌지,, ORANGE ,오렌지,4-20-09,12218,92218
2219,,VALENCIA ORANGE,발렌시아오렌지,, ORANGE ,오렌지,4-20-09,12219,92219
2220,,BLOOD ORANGE,블러드오렌지,, ORANGE ,오렌지,4-20-09,12220,92220
2221,,CARACARA ORANGE,카라카라오렌지,, ORANGE ,오렌지,4-20-09,12221,92221
2222,,TEXAS SWEET ORANGE,텍사스스윗오렌지,, ORANGE ,오렌지,4-20-09,12222,92222
2223,,MINEOLA ORANGE,미네올라오렌지,, ORANGE ,오렌지,4-20-09,12223,92223
2224,,SONG HAI NAVEL ORANGE,송하이네이블오렌지,, ORANGE ,오렌지,4-20-09,12224,92224
2225,,RESERVE(ORANGE),RESERVE(ORANGE),, ORANGE ,오렌지,4-20-09,12225,92225
2226,,RESERVE(ORANGE),RESERVE(ORANGE),, ORANGE ,오렌지,4-20-09,12226,92226
2227,,RESERVE(ORANGE),RESERVE(ORANGE),, ORANGE ,오렌지,4-20-09,12227,92227
2228,,RESERVE(ORANGE),RESERVE(ORANGE),, ORANGE ,오렌지,4-20-09,12228,92228
2229,,RESERVE(ORANGE),RESERVE(ORANGE),, ORANGE ,오렌지,4-20-09,12229,92229
2230,,RESERVE(ORANGE),RESERVE(ORANGE),, ORANGE ,오렌지,4-20-09,12230,92230
2231,,RESERVE(ORANGE),RESERVE(ORANGE),, ORANGE ,오렌지,4-20-09,12231,92231
2232,,RESERVE(ORANGE),RESERVE(ORANGE),, ORANGE ,오렌지,4-20-09,12232,92232
2233,,RESERVE(ORANGE),RESERVE(ORANGE),, ORANGE ,오렌지,4-20-09,12233,92233
2234,,RESERVE(ORANGE),RESERVE(ORANGE),, ORANGE ,오렌지,4-20-09,12234,92234
2235,,RESERVE(ORANGE),RESERVE(ORANGE),, ORANGE ,오렌지,4-20-09,12235,92235
2236,,RESERVE(ORANGE),RESERVE(ORANGE),, ORANGE ,오렌지,4-20-09,12236,92236
2237,,RESERVE(ORANGE),RESERVE(ORANGE),, ORANGE ,오렌지,4-20-09,12237,92237
2238,,RESERVE(ORANGE),RESERVE(ORANGE),, ORANGE ,오렌지,4-20-09,12238,92238
2239,,RESERVE(ORANGE),RESERVE(ORANGE),, ORANGE ,오렌지,4-20-09,12239,92239
2240,,GRAPEFRUIT,자몽,, GRAPEFRUIT ,자몽,4-20-10,12240,92240
2241,,RED GRAPEFRUIT,레드자몽,, GRAPEFRUIT ,자몽,4-20-10,12241,92241
2242,,WHITE GRAPEFRUIT,화이트자몽,, GRAPEFRUIT ,자몽,4-20-10,12242,92242
2243,,PINK GRAPEFRUIT,핑크자몽,, GRAPEFRUIT ,자몽,4-20-10,12243,92243
2244,,MELOGOLD GRAPEFRUIT,멜로골드자몽,, GRAPEFRUIT ,자몽,4-20-10,12244,92244
2245,,ORO BLANCO GRAPEFRUIT,오로블랑코자몽,, GRAPEFRUIT ,자몽,4-20-10,12245,92245
2246,,STAR RUBY GRAPEFRUIT,스타루비자몽,, GRAPEFRUIT ,자몽,4-20-10,12246,92246
2247,,RUBY GRAPEFRUIT,루비자몽,, GRAPEFRUIT ,자몽,4-20-10,12247,92247
2248,,COCKTAIL GRAPEFRUIT,칵테일자몽,, GRAPEFRUIT ,자몽,4-20-10,12248,92248
2249,,RESERVE(GRAPEFRUIT),RESERVE(GRAPEFRUIT),, GRAPEFRUIT ,자몽,4-20-10,12249,92249
2250,,RESERVE(GRAPEFRUIT),RESERVE(GRAPEFRUIT),, GRAPEFRUIT ,자몽,4-20-10,12250,92250
2251,,RESERVE(GRAPEFRUIT),RESERVE(GRAPEFRUIT),, GRAPEFRUIT ,자몽,4-20-10,12251,92251
2252,,RESERVE(GRAPEFRUIT),RESERVE(GRAPEFRUIT),, GRAPEFRUIT ,자몽,4-20-10,12252,92252
2253,,RESERVE(GRAPEFRUIT),RESERVE(GRAPEFRUIT),, GRAPEFRUIT ,자몽,4-20-10,12253,92253
2254,,RESERVE(GRAPEFRUIT),RESERVE(GRAPEFRUIT),, GRAPEFRUIT ,자몽,4-20-10,12254,92254
2255,,POMELO,포멜로,, POMELO ,포멜로,4-20-11,12255,92255
2256,,GREEN POMELO,그린포멜로,, POMELO ,포멜로,4-20-11,12256,92256
2257,,RED POMELO,레드포멜로,, POMELO ,포멜로,4-20-11,12257,92257
2258,,HONEY POMELO,허니포멜로,, POMELO ,포멜로,4-20-11,12258,92258
2259,,RUBY POMELO,루비포멜로,, POMELO ,포멜로,4-20-11,12259,92259
2260,,RESERVE(POMELO),RESERVE(POMELO),, POMELO ,포멜로,4-20-11,12260,92260
2261,,RESERVE(POMELO),RESERVE(POMELO),, POMELO ,포멜로,4-20-11,12261,92261
2262,,RESERVE(POMELO),RESERVE(POMELO),, POMELO ,포멜로,4-20-11,12262,92262
2263,,RESERVE(POMELO),RESERVE(POMELO),, POMELO ,포멜로,4-20-11,12263,92263
2264,,RESERVE(POMELO),RESERVE(POMELO),, POMELO ,포멜로,4-20-11,12264,92264
2265,,LEMON,레몬,, LEMON ,레몬,4-20-12,12265,92265
2266,,MEYER LEMON,메이어레몬,, LEMON ,레몬,4-20-12,12266,92266
2267,,RESERVE(LEMON),RESERVE(LEMON),, LEMON ,레몬,4-20-12,12267,92267
2268,,RESERVE(LEMON),RESERVE(LEMON),, LEMON ,레몬,4-20-12,12268,92268
2269,,RESERVE(LEMON),RESERVE(LEMON),, LEMON ,레몬,4-20-12,12269,92269
2270,,LIME,라임,, LIME ,라임,4-20-13,12270,92270
2271,,KEY LIME,키라임,, LIME ,라임,4-20-13,12271,92271
2272,,SWEET LIME,스윗라임,, LIME ,라임,4-20-13,12272,92272
2273,,RESERVE(LIME),RESERVE(LIME),, LIME ,라임,4-20-13,12273,92273
2274,,RESERVE(LIME),RESERVE(LIME),, LIME ,라임,4-20-13,12274,92274
2275,,ETC,ETC,, ETC ,기타,4-20-14,X,X
2276,,ETC,ETC,, ETC ,기타,4-20-14,X,X
2277,,ETC,ETC,, ETC ,기타,4-20-14,X,X
2278,,ETC,ETC,, ETC ,기타,4-20-14,X,X
2279,,ETC,ETC,, ETC ,기타,4-20-14,X,X
2280,,ETC,ETC,, ETC ,기타,4-20-14,X,X
2281,,ETC,ETC,, ETC ,기타,4-20-14,X,X
2282,,ETC,ETC,, ETC ,기타,4-20-14,X,X
2283,,ETC,ETC,, ETC ,기타,4-20-14,X,X
2284,,ETC,ETC,, ETC ,기타,4-20-14,X,X
2285,,ETC,ETC,, ETC ,기타,4-20-14,X,X
2286,,ETC,ETC,, ETC ,기타,4-20-14,X,X
2287,,ETC,ETC,, ETC ,기타,4-20-14,X,X
2288,,ETC,ETC,, ETC ,기타,4-20-14,X,X
2289,,ETC,ETC,, ETC ,기타,4-20-14,X,X
2290,,ETC,ETC,, ETC ,기타,4-20-15,X,X
2291,,ETC,ETC,, ETC ,기타,4-20-15,X,X
2292,,ETC,ETC,, ETC ,기타,4-20-15,X,X
2293,,ETC,ETC,, ETC ,기타,4-20-15,X,X
2294,,ETC,ETC,, ETC ,기타,4-20-15,X,X
2295,,ETC,ETC,, ETC ,기타,4-20-15,X,X
2296,,ETC,ETC,, ETC ,기타,4-20-15,X,X
2297,,ETC,ETC,, ETC ,기타,4-20-15,X,X
2298,,ETC,ETC,, ETC ,기타,4-20-15,X,X
2299,,ETC,ETC,, ETC ,기타,4-20-15,X,X
2300,,ETC,ETC,, ETC ,기타,4-20-15,X,X
2301,,ETC,ETC,, ETC ,기타,4-20-15,X,X
2302,,ETC,ETC,, ETC ,기타,4-20-15,X,X
2303,,ETC,ETC,, ETC ,기타,4-20-15,X,X
2304,,ETC,ETC,, ETC ,기타,4-20-15,X,X
2305,,PEACH,복숭아,, PEACH ,복숭아,4-20-16,12305,92305
2306,,WHITE PEACH,화이트복숭아,, PEACH ,복숭아,4-20-16,12306,92306
2307,,YELLOW PEACH,옐로우복숭아,, PEACH ,복숭아,4-20-16,12307,92307
2308,,WHITE DONUT PEACH,화이트도넛복숭아,, PEACH ,복숭아,4-20-16,12308,92308
2309,,YELLOW DONUT PEACH,옐로우도넛복숭아,, PEACH ,복숭아,4-20-16,12309,92309
2310,,ELBERTA PEACH,앨버타복숭아,, PEACH ,복숭아,4-20-16,12310,92310
2311,,RESERVE(PEACH),RESERVE(PEACH),, PEACH ,복숭아,4-20-16,12311,92311
2312,,RESERVE(PEACH),RESERVE(PEACH),, PEACH ,복숭아,4-20-16,12312,92312
2313,,RESERVE(PEACH),RESERVE(PEACH),, PEACH ,복숭아,4-20-16,12313,92313
2314,,RESERVE(PEACH),RESERVE(PEACH),, PEACH ,복숭아,4-20-16,12314,92314
2315,,NECTARINE,천도복숭아,, NECTARINE ,천도복숭아,4-20-17,12315,92315
2316,,WHITE NECTARINE,화이트천도복숭아,, NECTARINE ,천도복숭아,4-20-17,12316,92316
2317,,YELLOW NECTARINE,옐로우천도복숭아,, NECTARINE ,천도복숭아,4-20-17,12317,92317
2318,,WHITE DONUT NECTARINE,화이트도넛천도복숭아,, NECTARINE ,천도복숭아,4-20-17,12318,92318
2319,,YELLOW DONUT NECTARINE,옐로우도넛천도복숭아,, NECTARINE ,천도복숭아,4-20-17,12319,92319
2320,,RESERVE(NECTARINE),RESERVE(NECTARINE),, NECTARINE ,천도복숭아,4-20-17,12320,92320
2321,,RESERVE(NECTARINE),RESERVE(NECTARINE),, NECTARINE ,천도복숭아,4-20-17,12321,92321
2322,,RESERVE(NECTARINE),RESERVE(NECTARINE),, NECTARINE ,천도복숭아,4-20-17,12322,92322
2323,,RESERVE(NECTARINE),RESERVE(NECTARINE),, NECTARINE ,천도복숭아,4-20-17,12323,92323
2324,,RESERVE(NECTARINE),RESERVE(NECTARINE),, NECTARINE ,천도복숭아,4-20-17,12324,92324
2325,,ASIANPLUM,매실,, ASIAN PLUM ,매실,4-20-18,12325,92325
2326,,GREEN ASIANPLUM,그린매실,, ASIAN PLUM ,매실,4-20-18,12326,92326
2327,,RED ASIANPLUM,레드매실,, ASIAN PLUM ,매실,4-20-18,12327,92327
2328,,YELLOW ASIANPLUM,옐로우매실,, ASIAN PLUM ,매실,4-20-18,12328,92328
2329,,JAPANESE ASIANPLUM,일본매실,, ASIAN PLUM ,매실,4-20-18,12329,92329
2330,,RESERVE(ASIAN PLUM),RESERVE(ASIAN PLUM),, ASIAN PLUM ,매실,4-20-18,12330,92330
2331,,RESERVE(ASIAN PLUM),RESERVE(ASIAN PLUM),, ASIAN PLUM ,매실,4-20-18,12331,92331
2332,,RESERVE(ASIAN PLUM),RESERVE(ASIAN PLUM),, ASIAN PLUM ,매실,4-20-18,12332,92332
2333,,RESERVE(ASIAN PLUM),RESERVE(ASIAN PLUM),, ASIAN PLUM ,매실,4-20-18,12333,92333
2334,,RESERVE(ASIAN PLUM),RESERVE(ASIAN PLUM),, ASIAN PLUM ,매실,4-20-18,12334,92334
2335,,PLUM,자두,, PLUM ,자두,4-20-19,12335,92335
2336,,RED PLUM,레드자두,, PLUM ,자두,4-20-19,12336,92336
2337,,GREEN PLUM,그린자두,, PLUM ,자두,4-20-19,12337,92337
2338,,YELLOW PLUM,옐로운자두,, PLUM ,자두,4-20-19,12338,92338
2339,,BLACK PLUM,블랙자두,, PLUM ,자두,4-20-19,12339,92339
2340,,PURPLE PLUM,퍼플자두,, PLUM ,자두,4-20-19,12340,92340
2341,,CHERRY PLUM,체리자두,, PLUM ,자두,4-20-19,12341,92341
2342,,ITALIAN SUGAR PLUM,이탈리안슈가자두,, PLUM ,자두,4-20-19,12342,92342
2343,,DINOSAUR EGG PLUM,공룡알자두,, PLUM ,자두,4-20-19,12343,92343
2344,,MANGO TANGO PLUM,망고탱고자두,, PLUM ,자두,4-20-19,12344,92344
2345,,LEMON PLUM,레몬자두,, PLUM ,자두,4-20-19,12345,92345
2346,,AMBER JEWEL PLUM,앰버쥬얼자두,, PLUM ,자두,4-20-19,12346,92346
2347,,GOLDEN PLUM,골든자두,, PLUM ,자두,4-20-19,12347,92347
2348,,COTS(HONEY RED DINO) PLUM,허니레드다이노자두,, PLUM ,자두,4-20-19,12348,92348
2349,,PURPLE HONEY PLUM,퍼플허니자두,, PLUM ,자두,4-20-19,12349,92349
2350,,EMERALD PLUM,에메랄드자두,, PLUM ,자두,4-20-19,12350,92350
2351,,DRAGON PLUM,드래곤자두,, PLUM ,자두,4-20-19,12351,92351
2352,,RESERVE(PLUM),RESERVE(PLUM),, PLUM ,자두,4-20-19,12352,92352
2353,,RESERVE(PLUM),RESERVE(PLUM),, PLUM ,자두,4-20-19,12353,92353
2354,,RESERVE(PLUM),RESERVE(PLUM),, PLUM ,자두,4-20-19,12354,92354
2355,,RESERVE(PLUM),RESERVE(PLUM),, PLUM ,자두,4-20-19,12355,92355
2356,,RESERVE(PLUM),RESERVE(PLUM),, PLUM ,자두,4-20-19,12356,92356
2357,,RESERVE(PLUM),RESERVE(PLUM),, PLUM ,자두,4-20-19,12357,92357
2358,,RESERVE(PLUM),RESERVE(PLUM),, PLUM ,자두,4-20-19,12358,92358
2359,,RESERVE(PLUM),RESERVE(PLUM),, PLUM ,자두,4-20-19,12359,92359
2360,,APRICOT,살구,, APRICOT ,살구,4-20-20,12360,92360
2361,,RED APRICOT,레드살구,, APRICOT ,살구,4-20-20,12361,92361
2362,,GREEN APRICOT,그린살구,, APRICOT ,살구,4-20-20,12362,92362
2363,,YELLOW APRICOT,옐로운살구,, APRICOT ,살구,4-20-20,12363,92363
2364,,BLACK APRICOT,블랙살구,, APRICOT ,살구,4-20-20,12364,92364
2365,,VELVET APRICOT,벨벳살구,, APRICOT ,살구,4-20-20,12365,92365
2366,,PURPLE VELVET APRICOT,퍼플벨벳살구,, APRICOT ,살구,4-20-20,12366,92366
2367,,RESERVE(APRICOT),RESERVE(APRICOT),, APRICOT ,살구,4-20-20,12367,92367
2368,,RESERVE(APRICOT),RESERVE(APRICOT),, APRICOT ,살구,4-20-20,12368,92368
2369,,RESERVE(APRICOT),RESERVE(APRICOT),, APRICOT ,살구,4-20-20,12369,92369
2370,,RESERVE(APRICOT),RESERVE(APRICOT),, APRICOT ,살구,4-20-20,12370,92370
2371,,RESERVE(APRICOT),RESERVE(APRICOT),, APRICOT ,살구,4-20-20,12371,92371
2372,,RESERVE(APRICOT),RESERVE(APRICOT),, APRICOT ,살구,4-20-20,12372,92372
2373,,RESERVE(APRICOT),RESERVE(APRICOT),, APRICOT ,살구,4-20-20,12373,92373
2374,,RESERVE(APRICOT),RESERVE(APRICOT),, APRICOT ,살구,4-20-20,12374,92374
2375,,PLUOT,플럿,, PLUOT ,플럿,4-20-21,12375,92375
2376,,RED PLUOT,레드플럿,, PLUOT ,플럿,4-20-21,12376,92376
2377,,GREEN PLUOT,그린플럿,, PLUOT ,플럿,4-20-21,12377,92377
2378,,YELLOW PLUOT,옐로우플럿,, PLUOT ,플럿,4-20-21,12378,92378
2379,,BLACK PLUOT,블랙플럿,, PLUOT ,플럿,4-20-21,12379,92379
2380,,CRIMSON ROYALE PLUOT,그림슨로열플럿,, PLUOT ,플럿,4-20-21,12380,92380
2381,,RESERVE(PLUOT),RESERVE(PLUOT),, PLUOT ,플럿,4-20-21,12381,92381
2382,,RESERVE(PLUOT),RESERVE(PLUOT),, PLUOT ,플럿,4-20-21,12382,92382
2383,,RESERVE(PLUOT),RESERVE(PLUOT),, PLUOT ,플럿,4-20-21,12383,92383
2384,,RESERVE(PLUOT),RESERVE(PLUOT),, PLUOT ,플럿,4-20-21,12384,92384
2385,,RESERVE(PLUOT),RESERVE(PLUOT),, PLUOT ,플럿,4-20-21,12385,92385
2386,,RESERVE(PLUOT),RESERVE(PLUOT),, PLUOT ,플럿,4-20-21,12386,92386
2387,,RESERVE(PLUOT),RESERVE(PLUOT),, PLUOT ,플럿,4-20-21,12387,92387
2388,,RESERVE(PLUOT),RESERVE(PLUOT),, PLUOT ,플럿,4-20-21,12388,92388
2389,,RESERVE(PLUOT),RESERVE(PLUOT),, PLUOT ,플럿,4-20-21,12389,92389
2390,,ETC,ETC,, ETC ,기타,4-20-22,X,X
2391,,ETC,ETC,, ETC ,기타,4-20-22,X,X
2392,,ETC,ETC,, ETC ,기타,4-20-22,X,X
2393,,ETC,ETC,, ETC ,기타,4-20-22,X,X
2394,,ETC,ETC,, ETC ,기타,4-20-22,X,X
2395,,ETC,ETC,, ETC ,기타,4-20-22,X,X
2396,,ETC,ETC,, ETC ,기타,4-20-22,X,X
2397,,ETC,ETC,, ETC ,기타,4-20-22,X,X
2398,,ETC,ETC,, ETC ,기타,4-20-22,X,X
2399,,ETC,ETC,, ETC ,기타,4-20-22,X,X
2400,,ETC,ETC,, ETC ,기타,4-20-22,X,X
2401,,ETC,ETC,, ETC ,기타,4-20-22,X,X
2402,,ETC,ETC,, ETC ,기타,4-20-22,X,X
2403,,ETC,ETC,, ETC ,기타,4-20-22,X,X
2404,,ETC,ETC,, ETC ,기타,4-20-22,X,X
2405,,ETC,ETC,, ETC ,기타,4-20-23,X,X
2406,,ETC,ETC,, ETC ,기타,4-20-23,X,X
2407,,ETC,ETC,, ETC ,기타,4-20-23,X,X
2408,,ETC,ETC,, ETC ,기타,4-20-23,X,X
2409,,ETC,ETC,, ETC ,기타,4-20-23,X,X
2410,,ETC,ETC,, ETC ,기타,4-20-23,X,X
2411,,ETC,ETC,, ETC ,기타,4-20-23,X,X
2412,,ETC,ETC,, ETC ,기타,4-20-23,X,X
2413,,ETC,ETC,, ETC ,기타,4-20-23,X,X
2414,,ETC,ETC,, ETC ,기타,4-20-23,X,X
2415,,ETC,ETC,, ETC ,기타,4-20-23,X,X
2416,,ETC,ETC,, ETC ,기타,4-20-23,X,X
2417,,ETC,ETC,, ETC ,기타,4-20-23,X,X
2418,,ETC,ETC,, ETC ,기타,4-20-23,X,X
2419,,ETC,ETC,, ETC ,기타,4-20-23,X,X
2420,,WATERMELON,수박,, WATERMELON ,수박,4-20-24,12420,92420
2421,,RED WATERMELON,레드수박,, WATERMELON ,수박,4-20-24,12421,92421
2422,,RED SEEDLESS WATERMELON,레드씨없는수박,, WATERMELON ,수박,4-20-24,12422,92422
2423,,RED MINI WATERMELON,레드미니수박,, WATERMELON ,수박,4-20-24,12423,92423
2424,,RED MINI SEEDLESS WATERMELON,레드씨없는미니수박,, WATERMELON ,수박,4-20-24,12424,92424
2425,,YELLOW WATERMELON,옐로우수박,, WATERMELON ,수박,4-20-24,12425,92425
2426,,YELLOW SEEDLESS WATERMELON,옐로우씨없는수박,, WATERMELON ,수박,4-20-24,12426,92426
2427,,YELLOW MINI WATERMELON,옐로우미니수박,, WATERMELON ,수박,4-20-24,12427,92427
2428,,YELLOW MINI SEEDLESS WATERMELON,옐로우씨없는미니수박,, WATERMELON ,수박,4-20-24,12428,92428
2429,,MIDNIGHT MINI WATERMELON,미드나잇미니수박,, WATERMELON ,수박,4-20-24,12429,92429
2430,,MIDNIGHT SEEDLESS WATERMLEON,미드나잇씨없는수박,, WATERMELON ,수박,4-20-24,12430,92430
2431,,RED SEEDLESS WATERMELON(M),레드씨없는수박(중),, WATERMELON ,수박,4-20-24,12431,92431
2432,,RED SEEDLESS WATERMELON(L),레드씨없는수박(대),, WATERMELON ,수박,4-20-24,12432,92432
2433,,RESERVE(WATERMELON),RESERVE(WATERMELON),, WATERMELON ,수박,4-20-24,12433,92433
2434,,RESERVE(WATERMELON),RESERVE(WATERMELON),, WATERMELON ,수박,4-20-24,12434,92434
2435,,RESERVE(WATERMELON),RESERVE(WATERMELON),, WATERMELON ,수박,4-20-24,12435,92435
2436,,RESERVE(WATERMELON),RESERVE(WATERMELON),, WATERMELON ,수박,4-20-24,12436,92436
2437,,RESERVE(WATERMELON),RESERVE(WATERMELON),, WATERMELON ,수박,4-20-24,12437,92437
2438,,RESERVE(WATERMELON),RESERVE(WATERMELON),, WATERMELON ,수박,4-20-24,12438,92438
2439,,RESERVE(WATERMELON),RESERVE(WATERMELON),, WATERMELON ,수박,4-20-24,12439,92439
2440,,KOREAN MELON,참외,, ASIAN MELON ,아시안멜론,4-20-25,12440,92440
2441,,GAYA MELON,가야참외,, ASIAN MELON ,아시안멜론,4-20-25,12441,92441
2442,,ORIENTAL MELON,오리엔탈참외,, ASIAN MELON ,아시안멜론,4-20-25,12442,92442
2443,,RESERVE(ASIAN MELON),RESERVE(ASIAN MELON),, ASIAN MELON ,아시안멜론,4-20-25,12443,92443
2444,,RESERVE(ASIAN MELON),RESERVE(ASIAN MELON),, ASIAN MELON ,아시안멜론,4-20-25,12444,92444
2445,,RESERVE(ASIAN MELON),RESERVE(ASIAN MELON),, ASIAN MELON ,아시안멜론,4-20-25,12445,92445
2446,,RESERVE(ASIAN MELON),RESERVE(ASIAN MELON),, ASIAN MELON ,아시안멜론,4-20-25,12446,92446
2447,,RESERVE(ASIAN MELON),RESERVE(ASIAN MELON),, ASIAN MELON ,아시안멜론,4-20-25,12447,92447
2448,,RESERVE(ASIAN MELON),RESERVE(ASIAN MELON),, ASIAN MELON ,아시안멜론,4-20-25,12448,92448
2449,,RESERVE(ASIAN MELON),RESERVE(ASIAN MELON),, ASIAN MELON ,아시안멜론,4-20-25,12449,92449
2450,,MELON,멜론,, MELON ,멜론,4-20-26,12450,92450
2451,,HONEYKISS HAMI MELON,허니키스하미멜론,, MELON ,멜론,4-20-26,12451,92451
2452,,GOLDEN KISS MELON,골든키스멜론,, MELON ,멜론,4-20-26,12452,92452
2453,,SANTA CLAUS MELON,산타크루즈멜론,, MELON ,멜론,4-20-26,12453,92453
2454,,ASAKI MELON,아사키멜론,, MELON ,멜론,4-20-26,12454,92454
2455,,CANARY MELON,카나리멜론,, MELON ,멜론,4-20-26,12455,92455
2456,,GALIA MELON,갈리아멜론,, MELON ,멜론,4-20-26,12456,92456
2457,,PEPINO MELON,페피노멜론,, MELON ,멜론,4-20-26,12457,92457
2458,,CASABA MELON,카사바멜론,, MELON ,멜론,4-20-26,12458,92458
2459,,KIWANO(HORNED) MELON,키와노멜론,, MELON ,멜론,4-20-26,12459,92459
2460,,HONEYDEW MELON(L),허니듀멜론(L),, MELON ,멜론,4-20-26,12460,92460
2461,,HONEYDEW MELON(S),허니듀멜론(S),, MELON ,멜론,4-20-26,12461,92461
2462,,HONEY ORANGE CANDY MELON,허니오렌지캔디멜론,, MELON ,멜론,4-20-26,12462,92462
2463,,GOLD HONEYDEW MELON,골드허니듀멜론,, MELON ,멜론,4-20-26,12463,92463
2464,,CANTALOUPE MELON,캔탈롭멜론,, MELON ,멜론,4-20-26,12464,92464
2465,,GAYA GREEN MELON,가야그린멜론,, MELON ,멜론,4-20-26,12465,92465
2466,,GAYA YELLOW MELON,가야옐려우멜론,, MELON ,멜론,4-20-26,12466,92466
2467,,TEMPTATION MELON,템테이션멜론,, MELON ,멜론,4-20-26,12467,92467
2468,,SWEET HAMI MELON,스윗하미멜론,, MELON ,멜론,4-20-26,12468,92468
2469,,RUSSIAN MELON,러시안멜론,, MELON ,멜론,4-20-26,12469,92469
2470,,CRENSHAW MELON,크렌쇼멜론,, MELON ,멜론,4-20-26,12470,92470
2471,,ORANGE MELON,오렌지멜론,, MELON ,멜론,4-20-26,12471,92471
2472,,SUGAR KISS MELON,슈가키스멜론,, MELON ,멜론,4-20-26,12472,92472
2473,,SUMMER KISS MELON,썸머키스멜론,, MELON ,멜론,4-20-26,12473,92473
2474,,CANTALINE MELON,칸탈린멜론,, MELON ,멜론,4-20-26,12474,92474
2475,,TUSCAN MELON,투스칸멜론,, MELON ,멜론,4-20-26,12475,92475
2476,,CHARENTAIS MELON,샤랑테멜론,, MELON ,멜론,4-20-26,12476,92476
2477,,CINNABAR MELON,시나바멜론,, MELON ,멜론,4-20-26,12477,92477
2478,,MUSK MELON,머스크멜론,, MELON ,멜론,4-20-26,12478,92478
2479,,SATICOY MELON,새티코이멜론,, MELON ,멜론,4-20-26,12479,92479
2480,,KISS LIMON MELON,키스리몬멜론,, MELON ,멜론,4-20-26,12480,92480
2481,,TAIWAN MELON,타이완멜론,, MELON ,멜론,4-20-26,12481,92481
2482,,RESERVE(MELON),RESERVE(MELON),, MELON ,멜론,4-20-26,12482,92482
2483,,RESERVE(MELON),RESERVE(MELON),, MELON ,멜론,4-20-26,12483,92483
2484,,RESERVE(MELON),RESERVE(MELON),, MELON ,멜론,4-20-26,12484,92484
2485,,RESERVE(MELON),RESERVE(MELON),, MELON ,멜론,4-20-26,12485,92485
2486,,RESERVE(MELON),RESERVE(MELON),, MELON ,멜론,4-20-26,12486,92486
2487,,RESERVE(MELON),RESERVE(MELON),, MELON ,멜론,4-20-26,12487,92487
2488,,RESERVE(MELON),RESERVE(MELON),, MELON ,멜론,4-20-26,12488,92488
2489,,RESERVE(MELON),RESERVE(MELON),, MELON ,멜론,4-20-26,12489,92489
2490,,RESERVE(MELON),RESERVE(MELON),, MELON ,멜론,4-20-26,12490,92490
2491,,RESERVE(MELON),RESERVE(MELON),, MELON ,멜론,4-20-26,12491,92491
2492,,RESERVE(MELON),RESERVE(MELON),, MELON ,멜론,4-20-26,12492,92492
2493,,RESERVE(MELON),RESERVE(MELON),, MELON ,멜론,4-20-26,12493,92493
2494,,RESERVE(MELON),RESERVE(MELON),, MELON ,멜론,4-20-26,12494,92494
2495,,RESERVE(MELON),RESERVE(MELON),, MELON ,멜론,4-20-26,12495,92495
2496,,RESERVE(MELON),RESERVE(MELON),, MELON ,멜론,4-20-26,12496,92496
2497,,RESERVE(MELON),RESERVE(MELON),, MELON ,멜론,4-20-26,12497,92497
2498,,RESERVE(MELON),RESERVE(MELON),, MELON ,멜론,4-20-26,12498,92498
2499,,RESERVE(MELON),RESERVE(MELON),, MELON ,멜론,4-20-26,12499,92499
2500,,ETC,ETC,, ETC ,기타,4-20-27,X,X
2501,,ETC,ETC,, ETC ,기타,4-20-27,X,X
2502,,ETC,ETC,, ETC ,기타,4-20-27,X,X
2503,,ETC,ETC,, ETC ,기타,4-20-27,X,X
2504,,ETC,ETC,, ETC ,기타,4-20-27,X,X
2505,,ETC,ETC,, ETC ,기타,4-20-27,X,X
2506,,ETC,ETC,, ETC ,기타,4-20-27,X,X
2507,,ETC,ETC,, ETC ,기타,4-20-27,X,X
2508,,ETC,ETC,, ETC ,기타,4-20-27,X,X
2509,,ETC,ETC,, ETC ,기타,4-20-27,X,X
2510,,ETC,ETC,, ETC ,기타,4-20-27,X,X
2511,,ETC,ETC,, ETC ,기타,4-20-27,X,X
2512,,ETC,ETC,, ETC ,기타,4-20-27,X,X
2513,,ETC,ETC,, ETC ,기타,4-20-27,X,X
2514,,ETC,ETC,, ETC ,기타,4-20-27,X,X
2515,,ETC,ETC,, ETC ,기타,4-20-28,X,X
2516,,ETC,ETC,, ETC ,기타,4-20-28,X,X
2517,,ETC,ETC,, ETC ,기타,4-20-28,X,X
2518,,ETC,ETC,, ETC ,기타,4-20-28,X,X
2519,,ETC,ETC,, ETC ,기타,4-20-28,X,X
2520,,ETC,ETC,, ETC ,기타,4-20-28,X,X
2521,,ETC,ETC,, ETC ,기타,4-20-28,X,X
2522,,ETC,ETC,, ETC ,기타,4-20-28,X,X
2523,,ETC,ETC,, ETC ,기타,4-20-28,X,X
2524,,ETC,ETC,, ETC ,기타,4-20-28,X,X
2525,,ETC,ETC,, ETC ,기타,4-20-28,X,X
2526,,ETC,ETC,, ETC ,기타,4-20-28,X,X
2527,,ETC,ETC,, ETC ,기타,4-20-28,X,X
2528,,ETC,ETC,, ETC ,기타,4-20-28,X,X
2529,,ETC,ETC,, ETC ,기타,4-20-28,X,X
2530,,KOREAN GRAPE,한국포도,, KOREAN GRAPE ,한국포도,4-20-29,12530,92530
2531,,SANGJU KOREAN GRAPE,한국상주포도,, KOREAN GRAPE ,한국포도,4-20-29,12531,92531
2532,,ANYANG KOREAN GRAPE,한국안양포도,, KOREAN GRAPE ,한국포도,4-20-29,12532,92532
2533,,HWASEONG KOREAN GRAPE,한국화성포도,, KOREAN GRAPE ,한국포도,4-20-29,12533,92533
2534,,ANYANG CRIMSON GLORY KOREAN GRAPE,한국안양크림슨포도,, KOREAN GRAPE ,한국포도,4-20-29,12534,92534
2535,,PEONY KOREAN GRAPE,한국거봉포도,, KOREAN GRAPE ,한국포도,4-20-29,12535,92535
2536,,CONCORD KOREAN GRAPE,한국콩코드포도,, KOREAN GRAPE ,한국포도,4-20-29,12536,92536
2537,,RESERVE(KOREAN GRAPE),RESERVE(KOREAN GRAPE),, KOREAN GRAPE ,한국포도,4-20-29,12537,92537
2538,,RESERVE(KOREAN GRAPE),RESERVE(KOREAN GRAPE),, KOREAN GRAPE ,한국포도,4-20-29,12538,92538
2539,,RESERVE(KOREAN GRAPE),RESERVE(KOREAN GRAPE),, KOREAN GRAPE ,한국포도,4-20-29,12539,92539
2540,,RESERVE(KOREAN GRAPE),RESERVE(KOREAN GRAPE),, KOREAN GRAPE ,한국포도,4-20-29,12540,92540
2541,,RESERVE(KOREAN GRAPE),RESERVE(KOREAN GRAPE),, KOREAN GRAPE ,한국포도,4-20-29,12541,92541
2542,,RESERVE(KOREAN GRAPE),RESERVE(KOREAN GRAPE),, KOREAN GRAPE ,한국포도,4-20-29,12542,92542
2543,,RESERVE(KOREAN GRAPE),RESERVE(KOREAN GRAPE),, KOREAN GRAPE ,한국포도,4-20-29,12543,92543
2544,,RESERVE(KOREAN GRAPE),RESERVE(KOREAN GRAPE),, KOREAN GRAPE ,한국포도,4-20-29,12544,92544
2545,,GRAPE,포도,, GRAPE ,포도,4-20-30,12545,92545
2546,,RED GRAPE,레드포도,, GRAPE ,포도,4-20-30,12546,92546
2547,,GREEN GRAPE,그린포도,, GRAPE ,포도,4-20-30,12547,92547
2548,,BLACK GRAPE,블랙포도,, GRAPE ,포도,4-20-30,12548,92548
2549,,RED SEEDLESS GRAPE,레드씨없는포도,, GRAPE ,포도,4-20-30,12549,92549
2550,,GREEN SEEDLESS GRAPE,그린씨없는포도,, GRAPE ,포도,4-20-30,12550,92550
2551,,BLACK SEEDLESS GRAPE,블랙씨없는포도,, GRAPE ,포도,4-20-30,12551,92551
2552,,COTTON CANDY SEEDLESS GRAPE,솜사탕씨없는포도,, GRAPE ,포도,4-20-30,12552,92552
2553,,PEONY GRAPE,거봉포도,, GRAPE ,포도,4-20-30,12553,92553
2554,,RED GLOBE GRAPE,레드글로브포도,, GRAPE ,포도,4-20-30,12554,92554
2555,,GREEN GLOBE GRAPE,그린글로브포도,, GRAPE ,포도,4-20-30,12555,92555
2556,,BLACK GLOBE GRAPE,블랙글로브포도,, GRAPE ,포도,4-20-30,12556,92556
2557,,RED SWEET SAPPHIRE GRAPE,레드스윗사파이어포도,, GRAPE ,포도,4-20-30,12557,92557
2558,,GREEN SWEET SAPPHIRE GRAPE,그린스윗사파이어포도,, GRAPE ,포도,4-20-30,12558,92558
2559,,BLACK SWEET SAPPHIRE GRAPE,블랙스윗사파이어포도,, GRAPE ,포도,4-20-30,12559,92559
2560,,RED CHAMPAGNE GRAPE,레드샴페인포도,, GRAPE ,포도,4-20-30,12560,92560
2561,,GREEN CHAMPAGNE GRAPE,그린샴페인포도,, GRAPE ,포도,4-20-30,12561,92561
2562,,BLACK CHAMPAGNE GRAPE,블랙샴페인포도,, GRAPE ,포도,4-20-30,12562,92562
2563,,NATURAL GREEN GRAPE,자연산청포도,, GRAPE ,포도,4-20-30,12563,92563
2564,,NATURAL RED GRAPE,자연산레드포도,, GRAPE ,포도,4-20-30,12564,92564
2565,,NATURAL YELLOW GRAPE,자연산옐로우포도,, GRAPE ,포도,4-20-30,12565,92565
2566,,NATURAL THOMPSON GRAPE,자연산탐슨포도,, GRAPE ,포도,4-20-30,12566,92566
2567,,CONCORD GRAPE,콩코드포도,, GRAPE ,포도,4-20-30,12567,92567
2568,,THOMCORD GRAPE,톰코드포도,, GRAPE ,포도,4-20-30,12568,92568
2569,,MUSCADINE GRAPE,머스캐디언포도,, GRAPE ,포도,4-20-30,12569,92569
2570,,RESERVE(GRAPE),RESERVE(GRAPE),, GRAPE ,포도,4-20-30,12570,92570
2571,,RESERVE(GRAPE),RESERVE(GRAPE),, GRAPE ,포도,4-20-30,12571,92571
2572,,RESERVE(GRAPE),RESERVE(GRAPE),, GRAPE ,포도,4-20-30,12572,92572
2573,,RESERVE(GRAPE),RESERVE(GRAPE),, GRAPE ,포도,4-20-30,12573,92573
2574,,RESERVE(GRAPE),RESERVE(GRAPE),, GRAPE ,포도,4-20-30,12574,92574
2575,,RESERVE(GRAPE),RESERVE(GRAPE),, GRAPE ,포도,4-20-30,12575,92575
2576,,RESERVE(GRAPE),RESERVE(GRAPE),, GRAPE ,포도,4-20-30,12576,92576
2577,,RESERVE(GRAPE),RESERVE(GRAPE),, GRAPE ,포도,4-20-30,12577,92577
2578,,RESERVE(GRAPE),RESERVE(GRAPE),, GRAPE ,포도,4-20-30,12578,92578
2579,,RESERVE(GRAPE),RESERVE(GRAPE),, GRAPE ,포도,4-20-30,12579,92579
2580,,RESERVE(GRAPE),RESERVE(GRAPE),, GRAPE ,포도,4-20-30,12580,92580
2581,,RESERVE(GRAPE),RESERVE(GRAPE),, GRAPE ,포도,4-20-30,12581,92581
2582,,RESERVE(GRAPE),RESERVE(GRAPE),, GRAPE ,포도,4-20-30,12582,92582
2583,,RESERVE(GRAPE),RESERVE(GRAPE),, GRAPE ,포도,4-20-30,12583,92583
2584,,RESERVE(GRAPE),RESERVE(GRAPE),, GRAPE ,포도,4-20-30,12584,92584
2585,,MUSCAT,머스캣,, MUSCAT ,머스캣,4-20-31,12585,92585
2586,,SHINE MUSCAT,샤인머스캣,, MUSCAT ,머스캣,4-20-31,12586,92586
2587,,RESERVE(MUSCAT),RESERVE(MUSCAT),, MUSCAT ,머스캣,4-20-31,12587,92587
2588,,RESERVE(MUSCAT),RESERVE(MUSCAT),, MUSCAT ,머스캣,4-20-31,12588,92588
2589,,RESERVE(MUSCAT),RESERVE(MUSCAT),, MUSCAT ,머스캣,4-20-31,12589,92589
2590,,BERRY,베리,, BERRY ,베리,4-20-32,12590,92590
2591,,STRAWBERRY,딸기,, BERRY ,베리,4-20-32,12591,92591
2592,,BLUEBERRY,블루베리,, BERRY ,베리,4-20-32,12592,92592
2593,,BLACKBERRY,블랙베리,, BERRY ,베리,4-20-32,12593,92593
2594,,RASPBERRY,라즈베리,, BERRY ,베리,4-20-32,12594,92594
2595,,GOOSEBERRY,구스베리,, BERRY ,베리,4-20-32,12595,92595
2596,,RESERVE(BERRY),RESERVE(BERRY),, BERRY ,베리,4-20-32,12596,92596
2597,,RESERVE(BERRY),RESERVE(BERRY),, BERRY ,베리,4-20-32,12597,92597
2598,,RESERVE(BERRY),RESERVE(BERRY),, BERRY ,베리,4-20-32,12598,92598
2599,,RESERVE(BERRY),RESERVE(BERRY),, BERRY ,베리,4-20-32,12599,92599
2600,,RESERVE(BERRY),RESERVE(BERRY),, BERRY ,베리,4-20-32,12600,92600
2601,,RESERVE(BERRY),RESERVE(BERRY),, BERRY ,베리,4-20-32,12601,92601
2602,,RESERVE(BERRY),RESERVE(BERRY),, BERRY ,베리,4-20-32,12602,92602
2603,,RESERVE(BERRY),RESERVE(BERRY),, BERRY ,베리,4-20-32,12603,92603
2604,,RESERVE(BERRY),RESERVE(BERRY),, BERRY ,베리,4-20-32,12604,92604
2605,,RESERVE(BERRY),RESERVE(BERRY),, BERRY ,베리,4-20-32,12605,92605
2606,,RESERVE(BERRY),RESERVE(BERRY),, BERRY ,베리,4-20-32,12606,92606
2607,,RESERVE(BERRY),RESERVE(BERRY),, BERRY ,베리,4-20-32,12607,92607
2608,,RESERVE(BERRY),RESERVE(BERRY),, BERRY ,베리,4-20-32,12608,92608
2609,,RESERVE(BERRY),RESERVE(BERRY),, BERRY ,베리,4-20-32,12609,92609
2610,,CHERRY,체리,, CHERRY ,체리,4-20-33,12610,92610
2611,,RED CHERRY,레드체리,, CHERRY ,체리,4-20-33,12611,92611
2612,,RAINIER CHERRY,레이니어체리,, CHERRY ,체리,4-20-33,12612,92612
2613,,RUBY RED CHERRY,루비레드체리,, CHERRY ,체리,4-20-33,12613,92613
2614,,BING CHERRY,빙체리,, CHERRY ,체리,4-20-33,12614,92614
2615,,RESERVE(CHERRY),RESERVE(CHERRY),, CHERRY ,체리,4-20-33,12615,92615
2616,,RESERVE(CHERRY),RESERVE(CHERRY),, CHERRY ,체리,4-20-33,12616,92616
2617,,RESERVE(CHERRY),RESERVE(CHERRY),, CHERRY ,체리,4-20-33,12617,92617
2618,,RESERVE(CHERRY),RESERVE(CHERRY),, CHERRY ,체리,4-20-33,12618,92618
2619,,RESERVE(CHERRY),RESERVE(CHERRY),, CHERRY ,체리,4-20-33,12619,92619
2620,,KIWI,키위,, KIWI ,키위,4-20-34,12620,92620
2621,,GOLD KIWI,골드키위,, KIWI ,키위,4-20-34,12621,92621
2622,,GREEN KIWI,그린키위,, KIWI ,키위,4-20-34,12622,92622
2623,,RED KIWI,레드키위,, KIWI ,키위,4-20-34,12623,92623
2624,,RESERVE(KIWI),RESERVE(KIWI),, KIWI ,키위,4-20-34,12624,92624
2625,,RESERVE(KIWI),RESERVE(KIWI),, KIWI ,키위,4-20-34,12625,92625
2626,,RESERVE(KIWI),RESERVE(KIWI),, KIWI ,키위,4-20-34,12626,92626
2627,,RESERVE(KIWI),RESERVE(KIWI),, KIWI ,키위,4-20-34,12627,92627
2628,,RESERVE(KIWI),RESERVE(KIWI),, KIWI ,키위,4-20-34,12628,92628
2629,,RESERVE(KIWI),RESERVE(KIWI),, KIWI ,키위,4-20-34,12629,92629
2630,,FIGS,무화과,, FIGS ,무화과,4-20-35,12630,92630
2631,,GREEN FIGS,그린무화과,, FIGS ,무화과,4-20-35,12631,92631
2632,,WHITE FIGS,화이트무화과,, FIGS ,무화과,4-20-35,12632,92632
2633,,YELLOW FIGS,옐로우무화과,, FIGS ,무화과,4-20-35,12633,92633
2634,,BROWN FIGS,브라운무화과,, FIGS ,무화과,4-20-35,12634,92634
2635,,BLACK FIGS,블랙무화과,, FIGS ,무화과,4-20-35,12635,92635
2636,,RESERVE(FIGS),RESERVE(FIGS),, FIGS ,무화과,4-20-35,12636,92636
2637,,RESERVE(FIGS),RESERVE(FIGS),, FIGS ,무화과,4-20-35,12637,92637
2638,,RESERVE(FIGS),RESERVE(FIGS),, FIGS ,무화과,4-20-35,12638,92638
2639,,RESERVE(FIGS),RESERVE(FIGS),, FIGS ,무화과,4-20-35,12639,92639
2640,,JUJUBE,대추,, JUJUBE ,대추,4-20-36,12640,92640
2641,,GREEN JUJUBE,그린대추,, JUJUBE ,대추,4-20-36,12641,92641
2642,,YELLOW JUJUBE,옐로우대추,, JUJUBE ,대추,4-20-36,12642,92642
2643,,THAI JUJUBE,태국대추,, JUJUBE ,대추,4-20-36,12643,92643
2644,,SWEET HONEY JUJUBE,스윗허니대추,, JUJUBE ,대추,4-20-36,12644,92644
2645,,SEEDLESS PITTED JUJUBE,씨뺀대추,, JUJUBE ,대추,4-20-36,12645,92645
2646,,RESERVE(JUJUBE),RESERVE(JUJUBE),, JUJUBE ,대추,4-20-36,12646,92646
2647,,RESERVE(JUJUBE),RESERVE(JUJUBE),, JUJUBE ,대추,4-20-36,12647,92647
2648,,RESERVE(JUJUBE),RESERVE(JUJUBE),, JUJUBE ,대추,4-20-36,12648,92648
2649,,RESERVE(JUJUBE),RESERVE(JUJUBE),, JUJUBE ,대추,4-20-36,12649,92649
2650,,AVOCADO,아보카도,, AVOCADO ,아보카도,4-20-37,12650,92650
2651,,HASS SMALL AVOCADO,작은하스아보카도,, AVOCADO ,아보카도,4-20-37,12651,92651
2652,,HASS MEDIUM AVOCADO,중간하스아보카도,, AVOCADO ,아보카도,4-20-37,12652,92652
2653,,HASS LARGE AVOCADO,큰하스아보카도,, AVOCADO ,아보카도,4-20-37,12653,92653
2654,,FLORIDA AVOCADO,플로리다아보카도,, AVOCADO ,아보카도,4-20-37,12654,92654
2655,,REED AVOCADO,리드아보카도,, AVOCADO ,아보카도,4-20-37,12655,92655
2656,,RESERVE(AVOCADO),RESERVE(AVOCADO),, AVOCADO ,아보카도,4-20-37,12656,92656
2657,,RESERVE(AVOCADO),RESERVE(AVOCADO),, AVOCADO ,아보카도,4-20-37,12657,92657
2658,,RESERVE(AVOCADO),RESERVE(AVOCADO),, AVOCADO ,아보카도,4-20-37,12658,92658
2659,,RESERVE(AVOCADO),RESERVE(AVOCADO),, AVOCADO ,아보카도,4-20-37,12659,92659
2660,,ETC,ETC,, ETC ,기타,4-20-38,X,X
2661,,ETC,ETC,, ETC ,기타,4-20-38,X,X
2662,,ETC,ETC,, ETC ,기타,4-20-38,X,X
2663,,ETC,ETC,, ETC ,기타,4-20-38,X,X
2664,,ETC,ETC,, ETC ,기타,4-20-38,X,X
2665,,ETC,ETC,, ETC ,기타,4-20-38,X,X
2666,,ETC,ETC,, ETC ,기타,4-20-38,X,X
2667,,ETC,ETC,, ETC ,기타,4-20-38,X,X
2668,,ETC,ETC,, ETC ,기타,4-20-38,X,X
2669,,ETC,ETC,, ETC ,기타,4-20-38,X,X
2670,,ETC,ETC,, ETC ,기타,4-20-38,X,X
2671,,ETC,ETC,, ETC ,기타,4-20-38,X,X
2672,,ETC,ETC,, ETC ,기타,4-20-38,X,X
2673,,ETC,ETC,, ETC ,기타,4-20-38,X,X
2674,,ETC,ETC,, ETC ,기타,4-20-38,X,X
2675,,ETC,ETC,, ETC ,기타,4-20-39,X,X
2676,,ETC,ETC,, ETC ,기타,4-20-39,X,X
2677,,ETC,ETC,, ETC ,기타,4-20-39,X,X
2678,,ETC,ETC,, ETC ,기타,4-20-39,X,X
2679,,ETC,ETC,, ETC ,기타,4-20-39,X,X
2680,,ETC,ETC,, ETC ,기타,4-20-39,X,X
2681,,ETC,ETC,, ETC ,기타,4-20-39,X,X
2682,,ETC,ETC,, ETC ,기타,4-20-39,X,X
2683,,ETC,ETC,, ETC ,기타,4-20-39,X,X
2684,,ETC,ETC,, ETC ,기타,4-20-39,X,X
2685,,ETC,ETC,, ETC ,기타,4-20-39,X,X
2686,,ETC,ETC,, ETC ,기타,4-20-39,X,X
2687,,ETC,ETC,, ETC ,기타,4-20-39,X,X
2688,,ETC,ETC,, ETC ,기타,4-20-39,X,X
2689,,ETC,ETC,, ETC ,기타,4-20-39,X,X
2690,,MANGO,망고,, MANGO ,망고,4-20-40,12690,92690
2691,,ATAULFO MANGO,아탈포망고,, MANGO ,망고,4-20-40,12691,92691
2692,,TOMMY MANGO,타미망고,, MANGO ,망고,4-20-40,12692,92692
2693,,THAI MANGO,태국망고,, MANGO ,망고,4-20-40,12693,92693
2694,,KENT MANGO,켄트망고,, MANGO ,망고,4-20-40,12694,92694
2695,,GREEN MANGO,그린망고,, MANGO ,망고,4-20-40,12695,92695
2696,,KEITT MANGO,케이트망고,, MANGO ,망고,4-20-40,12696,92696
2697,,TAIWAN MANGO,대만망고,, MANGO ,망고,4-20-40,12697,92697
2698,,GOLDEN MANGO,골든망고,, MANGO ,망고,4-20-40,12698,92698
2699,,KIWANO MANGO,키와노망고,, MANGO ,망고,4-20-40,12699,92699
2700,,RESERVE(MANGO),RESERVE(MANGO),, MANGO ,망고,4-20-40,12700,92700
2701,,RESERVE(MANGO),RESERVE(MANGO),, MANGO ,망고,4-20-40,12701,92701
2702,,RESERVE(MANGO),RESERVE(MANGO),, MANGO ,망고,4-20-40,12702,92702
2703,,RESERVE(MANGO),RESERVE(MANGO),, MANGO ,망고,4-20-40,12703,92703
2704,,RESERVE(MANGO),RESERVE(MANGO),, MANGO ,망고,4-20-40,12704,92704
2705,,RESERVE(MANGO),RESERVE(MANGO),, MANGO ,망고,4-20-40,12705,92705
2706,,RESERVE(MANGO),RESERVE(MANGO),, MANGO ,망고,4-20-40,12706,92706
2707,,RESERVE(MANGO),RESERVE(MANGO),, MANGO ,망고,4-20-40,12707,92707
2708,,RESERVE(MANGO),RESERVE(MANGO),, MANGO ,망고,4-20-40,12708,92708
2709,,RESERVE(MANGO),RESERVE(MANGO),, MANGO ,망고,4-20-40,12709,92709
2710,,DURIAN,두리안,, DURIAN ,두리안,4-20-41,12710,92710
2711,,FROZEN DURIAN,냉동두리안,, DURIAN ,두리안,4-20-41,12711,92711
2712,,SEEDLESS FROZEN DURIAN,씨뺀냉동두리안,, DURIAN ,두리안,4-20-41,12712,92712
2713,,RESERVE(DURIAN),RESERVE(DURIAN),, DURIAN ,두리안,4-20-41,12713,92713
2714,,RESERVE(DURIAN),RESERVE(DURIAN),, DURIAN ,두리안,4-20-41,12714,92714
2715,,RESERVE(DURIAN),RESERVE(DURIAN),, DURIAN ,두리안,4-20-41,12715,92715
2716,,RESERVE(DURIAN),RESERVE(DURIAN),, DURIAN ,두리안,4-20-41,12716,92716
2717,,RESERVE(DURIAN),RESERVE(DURIAN),, DURIAN ,두리안,4-20-41,12717,92717
2718,,RESERVE(DURIAN),RESERVE(DURIAN),, DURIAN ,두리안,4-20-41,12718,92718
2719,,RESERVE(DURIAN),RESERVE(DURIAN),, DURIAN ,두리안,4-20-41,12719,92719
2720,,GUAVA,구아바,, GUAVA ,구아바,4-20-42,12720,92720
2721,,GREEN GUAVA,그린구아바,, GUAVA ,구아바,4-20-42,12721,92721
2722,,GOLD GUAVA,골드구아바,, GUAVA ,구아바,4-20-42,12722,92722
2723,,PINK GUAVA,핑크구아바,, GUAVA ,구아바,4-20-42,12723,92723
2724,,WHITE GUAVA,화이트구아바,, GUAVA ,구아바,4-20-42,12724,92724
2725,,RESERVE(GUAVA),RESERVE(GUAVA),, GUAVA ,구아바,4-20-42,12725,92725
2726,,RESERVE(GUAVA),RESERVE(GUAVA),, GUAVA ,구아바,4-20-42,12726,92726
2727,,RESERVE(GUAVA),RESERVE(GUAVA),, GUAVA ,구아바,4-20-42,12727,92727
2728,,RESERVE(GUAVA),RESERVE(GUAVA),, GUAVA ,구아바,4-20-42,12728,92728
2729,,RESERVE(GUAVA),RESERVE(GUAVA),, GUAVA ,구아바,4-20-42,12729,92729
2730,,COCONUT,코코넛,, COCONUT ,코코넛,4-20-43,12730,92730
2731,,YOUNG COCONUT,영코코넛,, COCONUT ,코코넛,4-20-43,12731,92731
2732,,FRESH COCONUT,신선한코코넛,, COCONUT ,코코넛,4-20-43,12732,92732
2733,,BROWN COCONUT,브라운코코넛,, COCONUT ,코코넛,4-20-43,12733,92733
2734,,JIMADO COCONUT,지마도코코넛,, COCONUT ,코코넛,4-20-43,12734,92734
2735,,RESERVE(COCONUT),RESERVE(COCONUT),, COCONUT ,코코넛,4-20-43,12735,92735
2736,,RESERVE(COCONUT),RESERVE(COCONUT),, COCONUT ,코코넛,4-20-43,12736,92736
2737,,RESERVE(COCONUT),RESERVE(COCONUT),, COCONUT ,코코넛,4-20-43,12737,92737
2738,,RESERVE(COCONUT),RESERVE(COCONUT),, COCONUT ,코코넛,4-20-43,12738,92738
2739,,RESERVE(COCONUT),RESERVE(COCONUT),, COCONUT ,코코넛,4-20-43,12739,92739
2740,,PAPAYA,파파야,, PAPAYA ,파파야,4-20-44,12740,92740
2741,,GREEN PAPAYA,그린파파야,, PAPAYA ,파파야,4-20-44,12741,92741
2742,,GOLDEN PAPAYA,골든파파야,, PAPAYA ,파파야,4-20-44,12742,92742
2743,,YELLOW PAPAYA,옐로우파파야,, PAPAYA ,파파야,4-20-44,12743,92743
2744,,ROYAL STAR PAPAYA,로얄스타파파야,, PAPAYA ,파파야,4-20-44,12744,92744
2745,,HAWAIIAN PAPAYA,하와이안파파야,, PAPAYA ,파파야,4-20-44,12745,92745
2746,,SAMBA PAPAYA,삼바파파야,, PAPAYA ,파파야,4-20-44,12746,92746
2747,,RESERVE(PAPAYA),RESERVE(PAPAYA),, PAPAYA ,파파야,4-20-44,12747,92747
2748,,RESERVE(PAPAYA),RESERVE(PAPAYA),, PAPAYA ,파파야,4-20-44,12748,92748
2749,,RESERVE(PAPAYA),RESERVE(PAPAYA),, PAPAYA ,파파야,4-20-44,12749,92749
2750,,PINEAPPLE,파인애플,, PINEAPPLE ,파인애플,4-20-45,12750,92750
2751,,GOLDEN PINEAPPLE,골든파인애플,, PINEAPPLE ,파인애플,4-20-45,12751,92751
2752,,MINI PINEAPPLE,미니파인애플,, PINEAPPLE ,파인애플,4-20-45,12752,92752
2753,,HONEY GROW PINEAPPLE,허니글로우파인애플,, PINEAPPLE ,파인애플,4-20-45,12753,92753
2754,,PINKGLOW PINEAPPLE,핑크글로우파인애플,, PINEAPPLE ,파인애플,4-20-45,12754,92754
2755,,RESERVE(PINEAPPLE),RESERVE(PINEAPPLE),, PINEAPPLE ,파인애플,4-20-45,12755,92755
2756,,RESERVE(PINEAPPLE),RESERVE(PINEAPPLE),, PINEAPPLE ,파인애플,4-20-45,12756,92756
2757,,RESERVE(PINEAPPLE),RESERVE(PINEAPPLE),, PINEAPPLE ,파인애플,4-20-45,12757,92757
2758,,RESERVE(PINEAPPLE),RESERVE(PINEAPPLE),, PINEAPPLE ,파인애플,4-20-45,12758,92758
2759,,RESERVE(PINEAPPLE),RESERVE(PINEAPPLE),, PINEAPPLE ,파인애플,4-20-45,12759,92759
2760,,CACTUS,선인장열매,, CACTUS ,선인장열매,4-20-46,12760,92760
2761,,GREEN CACTUS,그린선인장열매,, CACTUS ,선인장열매,4-20-46,12761,92761
2762,,RED CACTUS,레드선인장열매,, CACTUS ,선인장열매,4-20-46,12762,92762
2763,,YELLOW CACTUS,옐로우선인장열매,, CACTUS ,선인장열매,4-20-46,12763,92763
2764,,CACTUS LEAF,선인장잎,, CACTUS ,선인장열매,4-20-46,12764,92764
2765,,RESERVE(CACTUS),RESERVE(CACTUS),, CACTUS ,선인장열매,4-20-46,12765,92765
2766,,RESERVE(CACTUS),RESERVE(CACTUS),, CACTUS ,선인장열매,4-20-46,12766,92766
2767,,RESERVE(CACTUS),RESERVE(CACTUS),, CACTUS ,선인장열매,4-20-46,12767,92767
2768,,RESERVE(CACTUS),RESERVE(CACTUS),, CACTUS ,선인장열매,4-20-46,12768,92768
2769,,RESERVE(CACTUS),RESERVE(CACTUS),, CACTUS ,선인장열매,4-20-46,12769,92769
2770,,DRAGONFRUIT,용과,, DRAGON FRUIT ,용과,4-20-47,12770,92770
2771,,WHITE DRAGONFRUIT,화이트용과,, DRAGON FRUIT ,용과,4-20-47,12771,92771
2772,,RED DRAGONFRUIT,레드용과,, DRAGON FRUIT ,용과,4-20-47,12772,92772
2773,,YELLOW DRAGONFRUIT,옐로우용과,, DRAGON FRUIT ,용과,4-20-47,12773,92773
2774,,RESERVE(DRAGON FRUIT),RESERVE(DRAGON FRUIT),, DRAGON FRUIT ,용과,4-20-47,12774,92774
2775,,RESERVE(DRAGON FRUIT),RESERVE(DRAGON FRUIT),, DRAGON FRUIT ,용과,4-20-47,12775,92775
2776,,RESERVE(DRAGON FRUIT),RESERVE(DRAGON FRUIT),, DRAGON FRUIT ,용과,4-20-47,12776,92776
2777,,RESERVE(DRAGON FRUIT),RESERVE(DRAGON FRUIT),, DRAGON FRUIT ,용과,4-20-47,12777,92777
2778,,RESERVE(DRAGON FRUIT),RESERVE(DRAGON FRUIT),, DRAGON FRUIT ,용과,4-20-47,12778,92778
2779,,RESERVE(DRAGON FRUIT),RESERVE(DRAGON FRUIT),, DRAGON FRUIT ,용과,4-20-47,12779,92779
2780,,BANANA,바나나,, BANANA ,바나나,4-20-48,12780,92780
2781,,YELLOW BANANA,옐로우바나나,, BANANA ,바나나,4-20-48,12781,92781
2782,,BABY BANANA,베이비바나나,, BANANA ,바나나,4-20-48,12782,92782
2783,,THAI BANANA,태국바나나,, BANANA ,바나나,4-20-48,12783,92783
2784,,RED BANANA,레드바나나,, BANANA ,바나나,4-20-48,12784,92784
2785,,APPLE BANANA,사과바나나,, BANANA ,바나나,4-20-48,12785,92785
2786,,BURRO BANANA,브로바나나,, BANANA ,바나나,4-20-48,12786,92786
2787,,RESERVE(BANANA),RESERVE(BANANA),, BANANA ,바나나,4-20-48,12787,92787
2788,,RESERVE(BANANA),RESERVE(BANANA),, BANANA ,바나나,4-20-48,12788,92788
2789,,RESERVE(BANANA),RESERVE(BANANA),, BANANA ,바나나,4-20-48,12789,92789
2790,,PLANTAIN,플렌테인,, PLANTIAN ,플렌테인,4-20-49,12790,92790
2791,,GREEN PLANTAIN,그린플렌테인,, PLANTIAN ,플렌테인,4-20-49,12791,92791
2792,,HAWAIAAN PLANTAIN,브로플렌테인,, PLANTIAN ,플렌테인,4-20-49,12792,92792
2793,,RESERVE(PLANTAIN),RESERVE(PLANTAIN),, PLANTIAN ,플렌테인,4-20-49,12793,92793
2794,,RESERVE(PLANTAIN),RESERVE(PLANTAIN),, PLANTIAN ,플렌테인,4-20-49,12794,92794
2795,,TAMARIND,타마린드,, TAMARIND ,타마린드,4-20-50,12795,92795
2796,,SWEET TAMARIND,스윗타마린드,, TAMARIND ,타마린드,4-20-50,12796,92796
2797,,SOUR TAMARIND,사우어타마린드,, TAMARIND ,타마린드,4-20-50,12797,92797
2798,,RESERVE(TAMARIND),RESERVE(TAMARIND),, TAMARIND ,타마린드,4-20-50,12798,92798
2799,,RESERVE(TAMARIND),RESERVE(TAMARIND),, TAMARIND ,타마린드,4-20-50,12799,92799
2800,,SAPOTE,사포테,, SAPOTE ,사포테,4-20-51,12800,92800
2801,,MAMEY SAPOTE,마메이사포테,, SAPOTE ,사포테,4-20-51,12801,92801
2802,,WHITE SAPOTE,화이트사포테,, SAPOTE ,사포테,4-20-51,12802,92802
2803,,RESERVE(SAPOTE),RESERVE(SAPOTE),, SAPOTE ,사포테,4-20-51,12803,92803
2804,,RESERVE(SAPOTE),RESERVE(SAPOTE),, SAPOTE ,사포테,4-20-51,12804,92804
2805,,LYCHEE,리치,, TROPICAL ,열대과일,4-20-52,12805,92805
2806,,LONGAN,롱안,, TROPICAL ,열대과일,4-20-52,12806,92806
2807,,RAMBUTAN,람부탄,, TROPICAL ,열대과일,4-20-52,12807,92807
2808,,MANGOSTEEN,망고스틴,, TROPICAL ,열대과일,4-20-52,12808,92808
2809,,JACK FRUIT,잭프루트,, TROPICAL ,열대과일,4-20-52,12809,92809
2810,,PASSION FRUIT,패션프루트,, TROPICAL ,열대과일,4-20-52,12810,92810
2811,,STAR FRUIT,스타프루트,, TROPICAL ,열대과일,4-20-52,12811,92811
2812,,STAR APPLE FRUIT,스타애플,, TROPICAL ,열대과일,4-20-52,12812,92812
2813,,CHERIMOYA,체리모야,, TROPICAL ,열대과일,4-20-52,12813,92813
2814,,ATEMOYA,아테모야,, TROPICAL ,열대과일,4-20-52,12814,92814
2815,,BREAD FRUIT,빵나무,, TROPICAL ,열대과일,4-20-52,12815,92815
2816,,RESERVE(TROPICAL),RESERVE(TROPICAL),, TROPICAL ,열대과일,4-20-52,12816,92816
2817,,RESERVE(TROPICAL),RESERVE(TROPICAL),, TROPICAL ,열대과일,4-20-52,12817,92817
2818,,RESERVE(TROPICAL),RESERVE(TROPICAL),, TROPICAL ,열대과일,4-20-52,12818,92818
2819,,RESERVE(TROPICAL),RESERVE(TROPICAL),, TROPICAL ,열대과일,4-20-52,12819,92819
2820,,RESERVE(TROPICAL),RESERVE(TROPICAL),, TROPICAL ,열대과일,4-20-52,12820,92820
2821,,RESERVE(TROPICAL),RESERVE(TROPICAL),, TROPICAL ,열대과일,4-20-52,12821,92821
2822,,RESERVE(TROPICAL),RESERVE(TROPICAL),, TROPICAL ,열대과일,4-20-52,12822,92822
2823,,RESERVE(TROPICAL),RESERVE(TROPICAL),, TROPICAL ,열대과일,4-20-52,12823,92823
2824,,RESERVE(TROPICAL),RESERVE(TROPICAL),, TROPICAL ,열대과일,4-20-52,12824,92824
2825,,RESERVE(TROPICAL),RESERVE(TROPICAL),, TROPICAL ,열대과일,4-20-52,12825,92825
2826,,RESERVE(TROPICAL),RESERVE(TROPICAL),, TROPICAL ,열대과일,4-20-52,12826,92826
2827,,RESERVE(TROPICAL),RESERVE(TROPICAL),, TROPICAL ,열대과일,4-20-52,12827,92827
2828,,RESERVE(TROPICAL),RESERVE(TROPICAL),, TROPICAL ,열대과일,4-20-52,12828,92828
2829,,RESERVE(TROPICAL),RESERVE(TROPICAL),, TROPICAL ,열대과일,4-20-52,12829,92829
2830,,RESERVE(TROPICAL),RESERVE(TROPICAL),, TROPICAL ,열대과일,4-20-52,12830,92830
2831,,RESERVE(TROPICAL),RESERVE(TROPICAL),, TROPICAL ,열대과일,4-20-52,12831,92831
2832,,RESERVE(TROPICAL),RESERVE(TROPICAL),, TROPICAL ,열대과일,4-20-52,12832,92832
2833,,RESERVE(TROPICAL),RESERVE(TROPICAL),, TROPICAL ,열대과일,4-20-52,12833,92833
2834,,RESERVE(TROPICAL),RESERVE(TROPICAL),, TROPICAL ,열대과일,4-20-52,12834,92834
2835,,RESERVE(TROPICAL),RESERVE(TROPICAL),, TROPICAL ,열대과일,4-20-52,12835,92835
2836,,RESERVE(TROPICAL),RESERVE(TROPICAL),, TROPICAL ,열대과일,4-20-52,12836,92836
2837,,RESERVE(TROPICAL),RESERVE(TROPICAL),, TROPICAL ,열대과일,4-20-52,12837,92837
2838,,RESERVE(TROPICAL),RESERVE(TROPICAL),, TROPICAL ,열대과일,4-20-52,12838,92838
2839,,RESERVE(TROPICAL),RESERVE(TROPICAL),, TROPICAL ,열대과일,4-20-52,12839,92839
2840,,ETC,ETC,, ETC ,기타,4-20-53,X,X
2841,,ETC,ETC,, ETC ,기타,4-20-53,X,X
2842,,ETC,ETC,, ETC ,기타,4-20-53,X,X
2843,,ETC,ETC,, ETC ,기타,4-20-53,X,X
2844,,ETC,ETC,, ETC ,기타,4-20-53,X,X
2845,,ETC,ETC,, ETC ,기타,4-20-53,X,X
2846,,ETC,ETC,, ETC ,기타,4-20-53,X,X
2847,,ETC,ETC,, ETC ,기타,4-20-53,X,X
2848,,ETC,ETC,, ETC ,기타,4-20-53,X,X
2849,,ETC,ETC,, ETC ,기타,4-20-53,X,X
2850,,ETC,ETC,, ETC ,기타,4-20-53,X,X
2851,,ETC,ETC,, ETC ,기타,4-20-53,X,X
2852,,ETC,ETC,, ETC ,기타,4-20-53,X,X
2853,,ETC,ETC,, ETC ,기타,4-20-53,X,X
2854,,ETC,ETC,, ETC ,기타,4-20-53,X,X
2855,,ETC,ETC,, ETC ,기타,4-20-54,X,X
2856,,ETC,ETC,, ETC ,기타,4-20-54,X,X
2857,,ETC,ETC,, ETC ,기타,4-20-54,X,X
2858,,ETC,ETC,, ETC ,기타,4-20-54,X,X
2859,,ETC,ETC,, ETC ,기타,4-20-54,X,X
2860,,ETC,ETC,, ETC ,기타,4-20-54,X,X
2861,,ETC,ETC,, ETC ,기타,4-20-54,X,X
2862,,ETC,ETC,, ETC ,기타,4-20-54,X,X
2863,,ETC,ETC,, ETC ,기타,4-20-54,X,X
2864,,ETC,ETC,, ETC ,기타,4-20-54,X,X
2865,,ETC,ETC,, ETC ,기타,4-20-54,X,X
2866,,ETC,ETC,, ETC ,기타,4-20-54,X,X
2867,,ETC,ETC,, ETC ,기타,4-20-54,X,X
2868,,ETC,ETC,, ETC ,기타,4-20-54,X,X
2869,,ETC,ETC,, ETC ,기타,4-20-54,X,X
2870,,POMEGRANATE,석류,, ETC FRUIT ,기타과일,4-20-55,X,X
2871,,QUINCE,모과,, ETC FRUIT ,기타과일,4-20-55,X,X
2872,,CALAMANSI,깔라만시,, ETC FRUIT ,기타과일,4-20-55,X,X
2873,,KUMQUAT,금귤,, ETC FRUIT ,기타과일,4-20-55,X,X
2874,,TANGELO,텐젤로,, ETC FRUIT ,기타과일,4-20-55,X,X
2875,,UGLI JAMAICA FRUIT,우글리,, ETC FRUIT ,기타과일,4-20-55,X,X
2876,,BUDDHA'S HAND,불수감,, ETC FRUIT ,기타과일,4-20-55,X,X
2877,,ETROG CITRON,에트로그시트론,, ETC FRUIT ,기타과일,4-20-55,X,X
2878,,RESERVE(ETC FRUIT),RESERVE(ETC FRUIT),, ETC FRUIT ,기타과일,4-20-55,X,X
2879,,RESERVE(ETC FRUIT),RESERVE(ETC FRUIT),, ETC FRUIT ,기타과일,4-20-55,X,X
2880,,RESERVE(ETC FRUIT),RESERVE(ETC FRUIT),, ETC FRUIT ,기타과일,4-20-55,X,X
2881,,RESERVE(ETC FRUIT),RESERVE(ETC FRUIT),, ETC FRUIT ,기타과일,4-20-55,X,X
2882,,RESERVE(ETC FRUIT),RESERVE(ETC FRUIT),, ETC FRUIT ,기타과일,4-20-55,X,X
2883,,RESERVE(ETC FRUIT),RESERVE(ETC FRUIT),, ETC FRUIT ,기타과일,4-20-55,X,X
2884,,RESERVE(ETC FRUIT),RESERVE(ETC FRUIT),, ETC FRUIT ,기타과일,4-20-55,X,X
2885,,RESERVE(ETC FRUIT),RESERVE(ETC FRUIT),, ETC FRUIT ,기타과일,4-20-55,X,X
2886,,RESERVE(ETC FRUIT),RESERVE(ETC FRUIT),, ETC FRUIT ,기타과일,4-20-55,X,X
2887,,RESERVE(ETC FRUIT),RESERVE(ETC FRUIT),, ETC FRUIT ,기타과일,4-20-55,X,X
2888,,RESERVE(ETC FRUIT),RESERVE(ETC FRUIT),, ETC FRUIT ,기타과일,4-20-55,X,X
2889,,RESERVE(ETC FRUIT),RESERVE(ETC FRUIT),, ETC FRUIT ,기타과일,4-20-55,X,X
2890,,RESERVE(ETC FRUIT),RESERVE(ETC FRUIT),, ETC FRUIT ,기타과일,4-20-55,X,X
2891,,RESERVE(ETC FRUIT),RESERVE(ETC FRUIT),, ETC FRUIT ,기타과일,4-20-55,X,X
2892,,RESERVE(ETC FRUIT),RESERVE(ETC FRUIT),, ETC FRUIT ,기타과일,4-20-55,X,X
2893,,RESERVE(ETC FRUIT),RESERVE(ETC FRUIT),, ETC FRUIT ,기타과일,4-20-55,X,X
2894,,RESERVE(ETC FRUIT),RESERVE(ETC FRUIT),, ETC FRUIT ,기타과일,4-20-55,X,X
2895,,RESERVE(ETC FRUIT),RESERVE(ETC FRUIT),, ETC FRUIT ,기타과일,4-20-55,X,X
2896,,RESERVE(ETC FRUIT),RESERVE(ETC FRUIT),, ETC FRUIT ,기타과일,4-20-55,X,X
2897,,RESERVE(ETC FRUIT),RESERVE(ETC FRUIT),, ETC FRUIT ,기타과일,4-20-55,X,X
2898,,RESERVE(ETC FRUIT),RESERVE(ETC FRUIT),, ETC FRUIT ,기타과일,4-20-55,X,X
2899,,RESERVE(ETC FRUIT),RESERVE(ETC FRUIT),, ETC FRUIT ,기타과일,4-20-55,X,X
2900,,RESERVE(ETC FRUIT),RESERVE(ETC FRUIT),, ETC FRUIT ,기타과일,4-20-55,X,X
2901,,RESERVE(ETC FRUIT),RESERVE(ETC FRUIT),, ETC FRUIT ,기타과일,4-20-55,X,X
2902,,RESERVE(ETC FRUIT),RESERVE(ETC FRUIT),, ETC FRUIT ,기타과일,4-20-55,X,X
2903,,RESERVE(ETC FRUIT),RESERVE(ETC FRUIT),, ETC FRUIT ,기타과일,4-20-55,X,X
2904,,RESERVE(ETC FRUIT),RESERVE(ETC FRUIT),, ETC FRUIT ,기타과일,4-20-55,X,X
2905,,PEANUT,땅콩,, DRIED NUT ,견과,4-20-56,X,X
2906,,WALNUT,호두,, DRIED NUT ,견과,4-20-56,X,X
2907,,CHESTNUT,햇밤,, DRIED NUT ,견과,4-20-56,X,X
2908,,PINE NUT,잣,, DRIED NUT ,견과,4-20-56,X,X
2909,,WATERCHESTNUT,물밤,, DRIED NUT ,견과,4-20-56,X,X
2910,,ROASTED PEANUT,구운땅콩,, DRIED NUT ,견과,4-20-56,X,X
2911,,RESERVE(DRIED NUT),RESERVE(DRIED NUT),, DRIED NUT ,견과,4-20-56,X,X
2912,,RESERVE(DRIED NUT),RESERVE(DRIED NUT),, DRIED NUT ,견과,4-20-56,X,X
2913,,RESERVE(DRIED NUT),RESERVE(DRIED NUT),, DRIED NUT ,견과,4-20-56,X,X
2914,,RESERVE(DRIED NUT),RESERVE(DRIED NUT),, DRIED NUT ,견과,4-20-56,X,X
2915,,RESERVE(DRIED NUT),RESERVE(DRIED NUT),, DRIED NUT ,견과,4-20-56,X,X
2916,,RESERVE(DRIED NUT),RESERVE(DRIED NUT),, DRIED NUT ,견과,4-20-56,X,X
2917,,RESERVE(DRIED NUT),RESERVE(DRIED NUT),, DRIED NUT ,견과,4-20-56,X,X
2918,,RESERVE(DRIED NUT),RESERVE(DRIED NUT),, DRIED NUT ,견과,4-20-56,X,X
2919,,RESERVE(DRIED NUT),RESERVE(DRIED NUT),, DRIED NUT ,견과,4-20-56,X,X
2920,,DRIED FRUIT)APPLE,말린 사과,, DRIED FRUIT ,건과,4-20-57,X,X
2921,,DRIED)STRAWBERRY,말린 딸기,, DRIED FRUIT ,건과,4-20-57,X,X
2922,,DRIED)KIWI,말린 키위,, DRIED FRUIT ,건과,4-20-57,X,X
2923,,DRIED)MANGO,말린 망고,, DRIED FRUIT ,건과,4-20-57,X,X
2924,,DRIED)BANANA,말린 바나나,, DRIED FRUIT ,건과,4-20-57,X,X
2925,,DRIED)PINEAPPLE,말린 파인애플,, DRIED FRUIT ,건과,4-20-57,X,X
2926,,RESERVE(DRIED FRUIT),RESERVE(DRIED FRUIT),, DRIED FRUIT ,건과,4-20-57,X,X
2927,,RESERVE(DRIED FRUIT),RESERVE(DRIED FRUIT),, DRIED FRUIT ,건과,4-20-57,X,X
2928,,RESERVE(DRIED FRUIT),RESERVE(DRIED FRUIT),, DRIED FRUIT ,건과,4-20-57,X,X
2929,,RESERVE(DRIED FRUIT),RESERVE(DRIED FRUIT),, DRIED FRUIT ,건과,4-20-57,X,X
2930,,RESERVE(DRIED FRUIT),RESERVE(DRIED FRUIT),, DRIED FRUIT ,건과,4-20-57,X,X
2931,,RESERVE(DRIED FRUIT),RESERVE(DRIED FRUIT),, DRIED FRUIT ,건과,4-20-57,X,X
2932,,RESERVE(DRIED FRUIT),RESERVE(DRIED FRUIT),, DRIED FRUIT ,건과,4-20-57,X,X
2933,,RESERVE(DRIED FRUIT),RESERVE(DRIED FRUIT),, DRIED FRUIT ,건과,4-20-57,X,X
2934,,RESERVE(DRIED FRUIT),RESERVE(DRIED FRUIT),, DRIED FRUIT ,건과,4-20-57,X,X
2935,,FRUIT PACK)WATERMELON,과일팩)수박,, FRUIT PACK ,과일팩,4-20-58,X,X
2936,,FRUIT PACK)MANGO,과일팩)망고,, FRUIT PACK ,과일팩,4-20-58,X,X
2937,,FRUIT PACK)PAPAYA,과일팩)파파야,, FRUIT PACK ,과일팩,4-20-58,X,X
2938,,FRUIT PACK)PINEAPPLE,과일팩)파인애플,, FRUIT PACK ,과일팩,4-20-58,X,X
2939,,FRUIT PACK)CANTALOUPE,과일팩)캔탈롭멜론,, FRUIT PACK ,과일팩,4-20-58,X,X
2940,,RESERVE(FRUIT PACK),RESERVE(FRUIT PACK),, FRUIT PACK ,과일팩,4-20-58,X,X
2941,,RESERVE(FRUIT PACK),RESERVE(FRUIT PACK),, FRUIT PACK ,과일팩,4-20-58,X,X
2942,,RESERVE(FRUIT PACK),RESERVE(FRUIT PACK),, FRUIT PACK ,과일팩,4-20-58,X,X
2943,,RESERVE(FRUIT PACK),RESERVE(FRUIT PACK),, FRUIT PACK ,과일팩,4-20-58,X,X
2944,,RESERVE(FRUIT PACK),RESERVE(FRUIT PACK),, FRUIT PACK ,과일팩,4-20-58,X,X
2945,,RESERVE(FRUIT PACK),RESERVE(FRUIT PACK),, FRUIT PACK ,과일팩,4-20-58,X,X
2946,,RESERVE(FRUIT PACK),RESERVE(FRUIT PACK),, FRUIT PACK ,과일팩,4-20-58,X,X
2947,,RESERVE(FRUIT PACK),RESERVE(FRUIT PACK),, FRUIT PACK ,과일팩,4-20-58,X,X
2948,,RESERVE(FRUIT PACK),RESERVE(FRUIT PACK),, FRUIT PACK ,과일팩,4-20-58,X,X
2949,,RESERVE(FRUIT PACK),RESERVE(FRUIT PACK),, FRUIT PACK ,과일팩,4-20-58,X,X
2950,,SLICED FRUIT)WATERMELON,슬라이스과일)수박,, SLICED FRUIT ,슬라이스과일,4-20-59,X,X
2951,,SLICED FRUIT)MANGO,슬라이스과일)망고,, SLICED FRUIT ,슬라이스과일,4-20-59,X,X
2952,,SLICED FRUIT)PAPAYA,슬라이스과일)파파야,, SLICED FRUIT ,슬라이스과일,4-20-59,X,X
2953,,SLICED FRUIT)PINEAPPLE,슬라이스과일)파인애플,, SLICED FRUIT ,슬라이스과일,4-20-59,X,X
2954,,SLICED FRUIT)CANTALOUPE MELON,슬라이스과일)캔탈롭멜론,, SLICED FRUIT ,슬라이스과일,4-20-59,X,X
2955,,RESERVE(SLICED FRUIT),RESERVE(SLICED FRUIT),, SLICED FRUIT ,슬라이스과일,4-20-59,X,X
2956,,RESERVE(SLICED FRUIT),RESERVE(SLICED FRUIT),, SLICED FRUIT ,슬라이스과일,4-20-59,X,X
2957,,RESERVE(SLICED FRUIT),RESERVE(SLICED FRUIT),, SLICED FRUIT ,슬라이스과일,4-20-59,X,X
2958,,RESERVE(SLICED FRUIT),RESERVE(SLICED FRUIT),, SLICED FRUIT ,슬라이스과일,4-20-59,X,X
2959,,RESERVE(SLICED FRUIT),RESERVE(SLICED FRUIT),, SLICED FRUIT ,슬라이스과일,4-20-59,X,X
2960,,RESERVE(SLICED FRUIT),RESERVE(SLICED FRUIT),, SLICED FRUIT ,슬라이스과일,4-20-59,X,X
2961,,RESERVE(SLICED FRUIT),RESERVE(SLICED FRUIT),, SLICED FRUIT ,슬라이스과일,4-20-59,X,X
2962,,RESERVE(SLICED FRUIT),RESERVE(SLICED FRUIT),, SLICED FRUIT ,슬라이스과일,4-20-59,X,X
2963,,RESERVE(SLICED FRUIT),RESERVE(SLICED FRUIT),, SLICED FRUIT ,슬라이스과일,4-20-59,X,X
2964,,RESERVE(SLICED FRUIT),RESERVE(SLICED FRUIT),, SLICED FRUIT ,슬라이스과일,4-20-59,X,X
2965,,CUTTED FRUIT)WATERNEMLON,조각과일)수박,, CUTTED FRUIT ,조각과일,4-20-60,X,X
2966,,CUTTED FRUIT)MANGO,조각과일)망고,, CUTTED FRUIT ,조각과일,4-20-60,X,X
2967,,CUTTED FRUIT)PAPAYA,조각과일)파파야,, CUTTED FRUIT ,조각과일,4-20-60,X,X
2968,,CUTTED FRUIT)PINEAPPLE,조각과일)파인애플,, CUTTED FRUIT ,조각과일,4-20-60,X,X
2969,,CUTTED FRUIT)CANTALOUPE MELON,조각과일)캔탈롭멜론,, CUTTED FRUIT ,조각과일,4-20-60,X,X
2970,,RESERVE(CUTTED FRUIT),RESERVE(CUTTED FRUIT),, CUTTED FRUIT ,조각과일,4-20-60,X,X
2971,,RESERVE(CUTTED FRUIT),RESERVE(CUTTED FRUIT),, CUTTED FRUIT ,조각과일,4-20-60,X,X
2972,,RESERVE(CUTTED FRUIT),RESERVE(CUTTED FRUIT),, CUTTED FRUIT ,조각과일,4-20-60,X,X
2973,,RESERVE(CUTTED FRUIT),RESERVE(CUTTED FRUIT),, CUTTED FRUIT ,조각과일,4-20-60,X,X
2974,,RESERVE(CUTTED FRUIT),RESERVE(CUTTED FRUIT),, CUTTED FRUIT ,조각과일,4-20-60,X,X
2975,,RESERVE(CUTTED FRUIT),RESERVE(CUTTED FRUIT),, CUTTED FRUIT ,조각과일,4-20-60,X,X
2976,,RESERVE(CUTTED FRUIT),RESERVE(CUTTED FRUIT),, CUTTED FRUIT ,조각과일,4-20-60,X,X
2977,,MIXED FRUITS #1,혼합과일 #1,, CUTTED FRUIT ,조각과일,4-20-60,X,X
2978,,MIXED FRUITS #2,혼합과일 #2,, CUTTED FRUIT ,조각과일,4-20-60,X,X
2979,,MIXED FRUITS #3,혼합과일 #3,, CUTTED FRUIT ,조각과일,4-20-60,X,X
2980,,BANANA FLOWER,바나나꽃,, ETC ,기타,4-20-61,X,X
2981,,ETC #13,ETC #13,, ETC ,기타,4-20-61,X,X
2982,,ETC #13,ETC #13,, ETC ,기타,4-20-61,X,X
2983,,ETC #13,ETC #13,, ETC ,기타,4-20-61,X,X
2984,,ETC #13,ETC #13,, ETC ,기타,4-20-61,X,X
2985,,ETC #13,ETC #13,, ETC ,기타,4-20-61,X,X
2986,,ETC #13,ETC #13,, ETC ,기타,4-20-61,X,X
2987,,ETC #13,ETC #13,, ETC ,기타,4-20-61,X,X
2988,,ETC #13,ETC #13,, ETC ,기타,4-20-61,X,X
2989,,ETC #13,ETC #13,, ETC ,기타,4-20-61,X,X
2990,,ETC #13,ETC #13,, ETC ,기타,4-20-61,X,X
2991,,ETC #13,ETC #13,, ETC ,기타,4-20-61,X,X
2992,,ETC #13,ETC #13,, ETC ,기타,4-20-61,X,X
2993,,ETC #13,ETC #13,, ETC ,기타,4-20-61,X,X
2994,,ETC #13,ETC #13,, ETC ,기타,4-20-61,X,X
2995,,ETC #13,ETC #13,, ETC ,기타,4-20-61,X,X
2996,,ETC #13,ETC #13,, ETC ,기타,4-20-61,X,X
2997,,ETC #13,ETC #13,, ETC ,기타,4-20-61,X,X
2998,,ETC #13,ETC #13,, ETC ,기타,4-20-61,X,X
2999,,ETC #13,ETC #13,, ETC ,기타,4-20-61,X,X
